reporter_id,outlet_id,name,email,twitter,active
1,935,Melissa Richardson,jenningsjill@example.com,@christopher11,True
2,526,Michael Bird,kellygonzalez@example.org,@lkennedy,True
3,936,Alyssa Kane,jenniferduke@example.com,@jamesgarcia,False
4,354,Megan Mahoney,hwilliams@example.com,@cwong,False
5,847,Nicholas Robertson,spencerdanielle@example.org,@alfred85,False
6,824,Karen Robinson,davidstewart@example.com,@jbrown,False
7,212,Cody Taylor,allison21@example.net,@ewagner,False
8,190,Austin Rich,georgekenneth@example.net,@rkennedy,False
9,294,John Sanchez,frankday@example.net,@milleremily,True
10,219,Michael Hart,reginabrown@example.com,@brownmichael,False
11,283,Alexis Taylor,jmoore@example.net,@walkerjeffrey,True
12,449,Samantha Knight,rmorgan@example.com,@cameron96,True
13,873,David Higgins,jerrybowers@example.org,@kbailey,False
14,114,Nicole Horton,maxwellpatricia@example.org,@williamsanna,True
15,817,Kiara Clark,youngharold@example.com,@michaelowen,True
16,346,Mark Taylor,fjohnson@example.com,@ronald97,False
17,158,Brett Brock,bryan59@example.net,@scottholt,True
18,77,Heather Sweeney,nicolemitchell@example.org,@annegutierrez,False
19,774,Janice Campbell,micheleholmes@example.com,@lauren15,False
20,376,Charles Guzman,phillip39@example.org,@grosszachary,True
21,839,Mark Simpson,wbrown@example.com,@rnorman,False
22,117,Rebecca Cochran,rogersmonica@example.net,@dblake,False
23,132,Kayla Russell,bradleyelizabeth@example.com,@hturner,True
24,433,Colton Miller,alexandercory@example.net,@jo50,False
25,143,Jack Rivera,steven14@example.org,@amandagreen,False
26,294,Jasmine Coleman,fbrown@example.com,@marilyn86,False
27,55,Trevor Bell,jamesford@example.net,@thomas78,True
28,892,Carrie Gray,christian21@example.net,@joyce48,False
29,887,Julia Hall,petersmichael@example.org,@kevin29,True
30,822,Jacob Bray,phelpswesley@example.org,@dphillips,True
31,131,Diana Moore,petermiller@example.com,@djones,False
32,401,Ryan Snyder,duranjames@example.org,@pfoster,True
33,5,Sharon Davis,andrewthomas@example.net,@cartergabriella,True
34,66,Emma Keller,victoria83@example.org,@sstewart,False
35,544,Diane Williams,nmontgomery@example.com,@smelton,True
36,729,Claire Martin,ypittman@example.com,@lhall,True
37,99,Justin Christian,michelletaylor@example.net,@jacquelinetorres,False
38,10,Brittany Rivera,psnyder@example.org,@tina17,False
39,75,James Miles,fprice@example.com,@rhull,True
40,401,Bryan Haney,navarrojames@example.org,@melissaorr,False
41,153,Timothy Goodwin,jenningskevin@example.net,@munozmelanie,True
42,597,Tony Robertson,monica56@example.com,@heather54,True
43,901,Jeffrey Campos,adam19@example.com,@aarondavis,True
44,335,Michelle Jones,coopertracy@example.net,@kathryn76,False
45,894,Jimmy Reese,courtney32@example.com,@rosaleskimberly,True
46,153,Heidi Vasquez,william63@example.net,@tgreen,False
47,882,Antonio Gilbert,kelliott@example.org,@rhodesjohn,True
48,991,Frederick Russell,ashleygriffin@example.com,@newtonhannah,False
49,416,George Wilson,lwalker@example.net,@rebekahmccarty,False
50,474,James Bridges,lrocha@example.com,@jreid,True
51,851,Jacqueline Walker,thomas73@example.com,@mhurley,True
52,901,Joseph West,pruiz@example.org,@amber79,False
53,6,Jacqueline Evans,aparker@example.net,@melissalopez,False
54,223,Richard Payne,stephaniebean@example.com,@richardjuarez,False
55,301,David Gray,weaverkara@example.net,@rebeccawhite,False
56,213,Nicholas Rogers,drichmond@example.org,@matthew46,True
57,577,Krystal Lloyd,paulwhite@example.com,@xmitchell,False
58,581,Stacey Mitchell,fernandezjessica@example.org,@zgentry,False
59,370,William Flores,amandarasmussen@example.org,@davisangela,False
60,879,Dennis Arias,deborahcantrell@example.org,@francovernon,True
61,25,Robert Ward,micheal26@example.net,@gonzalezbrittany,True
62,357,Virginia West,pjohnson@example.net,@yhill,False
63,718,Carmen Harris,alexander74@example.com,@amanda73,True
64,733,Richard Carpenter,ashley66@example.org,@westbrian,False
65,883,Cynthia Miller,tyler52@example.net,@durhampaul,True
66,852,Ryan Brown,whurley@example.org,@websterjoshua,False
67,25,Michael Cunningham,perezdustin@example.org,@daymichael,True
68,595,Amanda Mccoy,paulhenderson@example.net,@irubio,True
69,710,Sherri Wright,lori09@example.net,@gabrielle59,False
70,344,Jesse Blake,nrobinson@example.com,@jacksonjeffrey,True
71,154,Todd Taylor,thompsonvickie@example.net,@albert26,True
72,485,Deanna Brennan,orussell@example.net,@littleconnie,False
73,507,Tamara Olson,chandlerann@example.org,@hineslaura,True
74,250,Jody Nelson,brianrowland@example.org,@vincentscott,False
75,219,David Brooks,adamhill@example.com,@michael10,True
76,488,Erik Wright,wtravis@example.net,@qmoreno,False
77,597,Tara Craig,christinesilva@example.com,@claudia30,False
78,125,David Jones,ygomez@example.org,@qpace,True
79,941,John Dennis,barnettstacey@example.net,@dawnross,True
80,862,Crystal Carter,ymendoza@example.net,@connieharris,False
81,72,Kristine Gomez,ugraves@example.org,@gardnercody,False
82,449,Nathan Mcgrath,garycummings@example.com,@montoyajonathan,False
83,244,Luis Smith,javiergonzalez@example.org,@navarrocheryl,False
84,851,Lisa Wilson,tracey76@example.org,@martinezrobert,True
85,768,David Krueger,gomezjordan@example.com,@hturner,True
86,433,Dr. Anthony Ruiz MD,jessica43@example.org,@ashley29,True
87,447,Frank Ross,julie89@example.com,@joshuaguzman,True
88,987,Jeremy Burke,powersbethany@example.com,@ubrennan,False
89,723,Jennifer Neal,christopher87@example.com,@brendazimmerman,True
90,35,Mary Gibson,sullivandaniel@example.net,@alicia14,False
91,548,Andrew Webb,wrightashley@example.com,@andrewsmith,False
92,357,Caitlin Davis,stephengomez@example.org,@dennisdavid,True
93,284,Wayne Bell,gutierreznatalie@example.com,@sandracarr,True
94,273,Debra Blackburn,hilljohn@example.com,@qstanley,True
95,664,Frank Schultz,philippeterson@example.org,@watsonlauren,True
96,128,Melissa Watson,lskinner@example.com,@jonathan01,False
97,561,John Shepard,millerdaniel@example.org,@xflores,False
98,974,Linda Davis,gregorymartinez@example.com,@hernandezmelissa,True
99,637,Kristi Figueroa,jacobcollins@example.net,@freemanjennifer,True
100,844,Mrs. Taylor Moore MD,henry57@example.org,@nicole36,False
101,980,Jill Daniels,danielle45@example.net,@michael47,False
102,923,Evan Peterson,ronnie55@example.org,@yvette46,False
103,610,Emily Acosta,wisepatricia@example.com,@lynn12,True
104,404,Gilbert Hudson,david35@example.com,@fgilbert,True
105,789,Rodney Pierce,carlsonlauren@example.com,@kathy93,True
106,493,Angelica Pope,ajames@example.com,@jesse87,True
107,721,Michael Robertson,hebertmelissa@example.org,@monica37,True
108,314,Mr. Steven Moore,williamrosario@example.org,@nelsonbruce,True
109,120,Patricia Thomas,barrycruz@example.org,@sstevens,True
110,989,Tiffany Martin,cynthia21@example.com,@kentchristopher,True
111,658,Sean Collins,pcox@example.org,@jasmineturner,True
112,16,Cameron Bennett,smithnatasha@example.com,@adrienne38,False
113,958,Joseph Murray,cannonbrian@example.com,@yortiz,True
114,152,Veronica Sellers,christinelee@example.org,@yramsey,False
115,272,Michael Diaz,patriciaholmes@example.net,@paulphillips,True
116,355,Suzanne Turner,travismooney@example.com,@lli,True
117,842,Dr. Aaron Burnett,jacobsanchez@example.net,@laurasantos,True
118,698,Michael Spencer,alexandriabarrera@example.net,@watkinslaura,True
119,954,Tina Carr,cathy49@example.net,@jadejohnson,True
120,68,Rebecca Flores,robinsonrachel@example.org,@francisyvonne,False
121,412,Brian Williams,singhmichael@example.net,@dflowers,True
122,650,Christina Rollins,irobinson@example.org,@matthewmorris,True
123,343,Monica Taylor,martinbenjamin@example.net,@gregoryphelps,False
124,884,Randall Martin,simpsonamanda@example.com,@cbrown,False
125,875,Robert Curry,fmunoz@example.net,@rochavanessa,False
126,228,Travis Mathis,lowepamela@example.com,@oliverashley,False
127,120,Carla Davis,kathy08@example.net,@john62,True
128,137,Sarah Burns,sharon69@example.net,@adamsalan,False
129,248,Edgar Jordan,cordovapatrick@example.net,@williammoore,True
130,790,Dustin Hernandez,mbanks@example.net,@joseph42,True
131,728,Ashley Miller,rodgerssherry@example.org,@katienicholson,False
132,945,Carrie Boyer,gabrielle02@example.net,@danieldavis,False
133,851,Heather Guerra,derek79@example.org,@fernandowilson,True
134,505,Colton Garcia,nbenjamin@example.net,@jonathan08,True
135,20,Catherine Collins,dlewis@example.net,@nancy06,False
136,474,Kevin Swanson,jclark@example.com,@eric59,True
137,457,Jacob Parker,clarencepayne@example.net,@tgreene,True
138,713,Craig Obrien,derekreed@example.com,@cdavid,True
139,351,Mike Obrien,madison97@example.com,@anthony79,False
140,183,Charles Adams,sarajones@example.org,@michelle05,True
141,291,Paula Andrade,tiffanyglenn@example.com,@elizabethyork,True
142,988,David Sims,murphygregory@example.net,@rmartinez,True
143,357,Phyllis Carter,richardblake@example.org,@jennifer88,False
144,143,Susan Lara,rmcintosh@example.org,@kellerwesley,True
145,922,Elizabeth Cunningham,michael21@example.com,@briannaponce,False
146,54,Amy Mendoza,jeanette38@example.net,@joshuagray,False
147,899,Jeffrey Wilson,jorge71@example.org,@whitebenjamin,True
148,12,Elizabeth Jefferson,cherylowens@example.net,@tracy83,False
149,27,Brooke Reynolds,summerbrown@example.org,@kbautista,True
150,989,Laura Terry,hhall@example.org,@jamesdiaz,True
151,562,Jessica Kirk,oliverkyle@example.com,@walshgina,False
152,682,Michael Lewis,morganjennifer@example.com,@millscourtney,True
153,377,Amanda Everett,gonzalezwesley@example.org,@shunter,True
154,227,Joseph Grant,emily47@example.org,@browntonya,False
155,836,Mr. Kenneth Woods DDS,grant88@example.org,@tina27,True
156,242,Anthony Newman,welchruben@example.net,@chandlermatthew,False
157,321,James Everett,lucasjames@example.net,@alexandrarobertson,True
158,438,Wayne Davis,steven65@example.net,@garrettadrian,True
159,152,Vicki Yates,smithsean@example.net,@kellerchelsea,False
160,698,Jonathon Vargas,ihayes@example.com,@ronnie44,False
161,447,Felicia Riley,nelsonchelsea@example.com,@hannah55,True
162,909,Justin King,garciabryan@example.net,@adrian42,True
163,747,Michelle Brown,ypetersen@example.org,@samantha27,False
164,33,Marie White,lisa98@example.org,@walkerlinda,False
165,189,Cody Fleming,donna66@example.com,@kathleenmorgan,False
166,359,Lawrence Pena,justin34@example.com,@clong,True
167,41,Brittany Hahn MD,xrose@example.org,@apotter,False
168,450,Eric Garcia,stephen71@example.com,@luissullivan,True
169,686,Jordan Martinez,hendersonbenjamin@example.net,@edaniels,False
170,527,Eric West,keithgonzales@example.net,@lucashart,True
171,798,Stephanie Smith,alicia29@example.com,@shari13,True
172,447,Maria Anderson,paula96@example.net,@jjohnson,True
173,99,Grant Mitchell,williamselizabeth@example.net,@antonio99,False
174,171,Michael Mitchell,ronaldglover@example.net,@hansenmichael,False
175,429,Mr. Nicholas Reynolds,martincatherine@example.org,@sosajoshua,True
176,795,Andrew Washington,marquezsandra@example.com,@lalvarado,True
177,231,Amber Carter,blackdavid@example.org,@hdavis,False
178,853,George Lopez,rreyes@example.com,@nelsonchloe,True
179,334,Zachary Martin,ogrant@example.net,@lesliebarton,False
180,85,Mr. Roger Burgess Jr.,hillmichael@example.net,@bautistasamuel,False
181,48,Brianna Cox,marc88@example.org,@markberry,True
182,43,Kyle Obrien,andreaowens@example.net,@jongarza,False
183,570,John Smith,edavis@example.net,@eric48,True
184,810,Ashley Sanchez,castillokeith@example.com,@austinjason,False
185,235,Bonnie Smith,clyons@example.org,@kaylamcdonald,False
186,580,Sharon Hall,coxjoshua@example.org,@williamreynolds,True
187,255,Sarah Allen,hernandezcharles@example.net,@hannahday,False
188,293,Dr. Robert Cunningham Jr.,whernandez@example.com,@oscarfaulkner,False
189,420,Christine Lopez,castillojonathan@example.net,@jackiehansen,False
190,715,Andrew Aguirre,aallen@example.org,@mcmahonkim,False
191,182,Steven Booth,hendersonjoanne@example.org,@victoriawilliams,False
192,181,Stephen Jones,mallorybarnes@example.net,@vhicks,True
193,716,Christopher Walsh,lamamber@example.net,@william16,True
194,276,Jessica Rice,schneiderheather@example.net,@amanda40,False
195,850,Russell Mcdonald,ggarcia@example.net,@corystanley,True
196,831,Grant Middleton,wagnerlisa@example.com,@iwilliams,False
197,597,Christopher Patrick,jenniferhunt@example.net,@echapman,True
198,284,Shane Moore,orozcojeffrey@example.org,@zrivera,False
199,69,Benjamin Maddox,michaelbarber@example.net,@xnguyen,False
200,645,Connie Curtis,calvarado@example.com,@guerrerojessica,False
201,162,Melissa Salazar,steelereginald@example.org,@nicholasmyers,False
202,719,Felicia Richards,cynthiaschneider@example.org,@jrodriguez,False
203,339,Michael Williams,chelsea57@example.com,@kristen44,True
204,237,Sherry Brennan,saracoffey@example.com,@jonathantucker,True
205,377,Betty Howell,jonathan11@example.com,@bryan,True
206,572,Linda Moore,renee20@example.org,@scott72,True
207,940,James Duncan,wscott@example.org,@debbie50,True
208,153,Timothy Farrell,williamskimberly@example.org,@leblancmelissa,True
209,986,Destiny Wilkinson,jenkinsjennifer@example.com,@steven10,True
210,44,Sandra Brown,christopher43@example.com,@andrew90,True
211,544,Juan Martin,nberry@example.net,@lisa84,True
212,274,Jennifer Smith,williamwright@example.net,@ahill,True
213,748,Leslie Mcintosh,haley81@example.net,@johnsonpaula,True
214,611,Matthew Singh,robertortiz@example.com,@lwilson,False
215,990,Sarah Thompson,rmason@example.net,@perkinspatricia,False
216,450,Michael Payne,erinjohnson@example.org,@holly31,False
217,512,Elizabeth Wilson,fmills@example.net,@nguyenkimberly,False
218,428,John Padilla,erin06@example.net,@jacksonwalter,False
219,184,Gail Choi,ehill@example.net,@rachel91,True
220,411,Tiffany Jones,harmontammy@example.com,@qmiller,False
221,85,Joshua Lopez,tthompson@example.net,@carlsonalex,True
222,979,Andrea Hess,jessicathomas@example.com,@brianirwin,False
223,54,Dustin Weiss,misty23@example.org,@dustinlawrence,True
224,914,Alyssa Stevens,johnwelch@example.net,@kirsten81,False
225,767,Nina Martin,ggonzalez@example.com,@ctaylor,True
226,501,Andrew Juarez,gainesbrandy@example.org,@williamsjesus,True
227,899,Brandon Williams,monicaevans@example.net,@thompsonjames,False
228,813,Wendy Hall,michaelcampbell@example.org,@charles94,True
229,857,Kevin Hendrix,angela10@example.net,@debradavidson,False
230,623,Billy Phillips,sabrina36@example.net,@datkins,True
231,281,Jenny Zamora,justinmoore@example.net,@wdrake,False
232,979,Tammy Wheeler DDS,rebecca67@example.net,@sotomelissa,False
233,803,Dr. Christopher Collins,gregorywilliams@example.net,@jasonlowe,False
234,521,Michael Martin,juan93@example.com,@kirbymichele,False
235,621,Michele Carey,edaniels@example.org,@jennifer58,False
236,983,Tammy Roberson,rachel54@example.net,@iparrish,False
237,294,Dana Cervantes,agonzalez@example.com,@ronald52,False
238,647,Trevor Brown,wfinley@example.com,@tammyyoung,False
239,11,James Brown,qmolina@example.com,@vlowe,False
240,574,Taylor Maxwell,ygraves@example.org,@andrewmyers,True
241,533,Gregory Wade,gonzalezmisty@example.org,@qhobbs,True
242,927,Danny Torres,zbarnes@example.org,@elliottderrick,False
243,418,Cassie Zamora,rwright@example.org,@jennifer22,True
244,730,Cynthia Finley,evangibson@example.org,@nwatkins,False
245,556,Jerry Watson,jmalone@example.org,@christopher67,True
246,749,Donna Webb,crystalsmith@example.com,@phillipsmikayla,True
247,256,Tanner Lutz,brittanyreid@example.net,@jessemckinney,True
248,185,Robert Ford,marc47@example.org,@andersonteresa,False
249,719,Tina Torres,natashalambert@example.net,@jessica46,False
250,708,Michelle Bowen,williamsdeanna@example.org,@jennifer87,True
251,466,Joe Atkins,jordannicholas@example.net,@nperry,True
252,883,James Mcfarland,dedwards@example.com,@vincenthess,True
253,877,Richard Miller,evansshane@example.com,@danaweber,True
254,762,Thomas Glass,brittneywashington@example.net,@priscilla68,False
255,885,Kelsey Baker,watkinsdaniel@example.com,@tracyjackson,False
256,307,Russell Gross,durhamyvonne@example.net,@kimberlychapman,True
257,485,Mckenzie Singh,shaun26@example.net,@ahall,False
258,968,William Williamson,jordanjessica@example.net,@tmcdonald,True
259,206,Mark Cruz,tylerstephen@example.org,@christopher26,False
260,667,Joseph Powell,cindy91@example.org,@donna66,True
261,906,Jeffrey Robinson,seanwagner@example.org,@longjeremiah,True
262,86,Andrew Garza,alexanderboyd@example.com,@jordanmichael,False
263,72,Aimee Williamson,wwhite@example.net,@wrightamanda,False
264,782,Cheryl Bennett,ilewis@example.net,@staceywilliamson,False
265,607,Matthew Thompson,emily07@example.net,@vhendricks,True
266,788,Alexis Thomas,emccarthy@example.net,@nathancruz,False
267,990,Cindy Johnson,melinda43@example.com,@veronicamiller,True
268,244,Laura Williams,scott29@example.org,@olawrence,False
269,771,Daniel Martinez,johnbriggs@example.com,@tuckerjoshua,True
270,933,Lindsay Brown,craiglewis@example.com,@stacymorrison,True
271,982,Adam Anthony,ywilson@example.com,@jbright,True
272,803,Jeremy Boone,staceymoreno@example.org,@lmann,True
273,162,Samantha Smith,robersondominic@example.com,@geraldclarke,True
274,636,Rebecca Anderson,vdavila@example.com,@tpetersen,True
275,450,Andrew Perez,delgadosherry@example.org,@gordontimothy,False
276,278,Amanda Martinez,annaenglish@example.net,@judithjones,False
277,414,Christopher Dudley,rebeccaford@example.com,@candice47,False
278,972,Timothy Holt,armstrongkimberly@example.org,@zporter,True
279,698,Timothy Lyons,michaelpeterson@example.org,@vincentmartinez,False
280,408,John Brown IV,joshua24@example.com,@nicolevaldez,False
281,555,Stephanie Rodriguez,hickstimothy@example.net,@lisa86,False
282,653,Jessica Davis,morseerin@example.com,@david90,False
283,56,Kevin Newman,joshua68@example.com,@jacob18,False
284,883,Timothy Ayers,kathyherman@example.net,@hannahbrown,False
285,194,Justin Johnson,josephharrison@example.net,@gsloan,False
286,123,Kevin Flores,katiewilliams@example.org,@crossronald,False
287,483,Nicole White,weisspamela@example.org,@emilymeza,True
288,764,Stacey Phelps,maryfranco@example.com,@sanchezxavier,False
289,558,Dawn Larson,griffithjordan@example.org,@meghanfrench,False
290,727,Jillian Baker,rosemeza@example.net,@brittany06,True
291,639,Cathy Costa,robinsonmary@example.net,@knappterry,True
292,877,Joseph Edwards,melissa19@example.com,@wilsonmary,False
293,83,Corey Rowe,sherri12@example.com,@linda19,False
294,138,Charlotte Wise,dkhan@example.org,@olivia63,True
295,887,Karen Nunez PhD,jacquelinemarsh@example.net,@stacey72,True
296,581,Sarah Wagner,weissearl@example.org,@dennismartin,False
297,262,Pamela Torres,amanda24@example.org,@kevincook,False
298,57,Lisa Holt,lisa14@example.com,@swalker,True
299,282,Alisha Hudson,lmartinez@example.org,@hayescarol,True
300,402,Amanda Mitchell,qrodriguez@example.net,@martindiana,True
301,171,Ashley Goodwin,whitneypatrick@example.com,@stevenevans,True
302,142,Alexis Owens,warrenanna@example.org,@pittmannicole,True
303,106,Troy Robinson,cynthia63@example.org,@npollard,False
304,958,Carol Mullen,brandon21@example.net,@hsims,False
305,652,Denise Mckinney,lorianderson@example.com,@wfoster,True
306,677,Jennifer Thompson,garciamatthew@example.net,@xgray,True
307,835,Alex Allison,bsullivan@example.com,@angelascott,True
308,278,William Morris,jking@example.org,@zdunlap,True
309,692,William Dominguez,erin91@example.net,@ayalasamuel,False
310,474,Matthew Rose,ryan74@example.com,@carriebrewer,True
311,386,George Riley,williamrosales@example.com,@matthewkelly,False
312,751,Chad Vaughn,duartescott@example.net,@joshua17,True
313,550,Kenneth Jackson,mayodaniel@example.com,@kwalker,False
314,443,Courtney George,jonesscott@example.net,@matthew77,False
315,719,Sandra Woodard,leelynn@example.net,@velasquezvalerie,False
316,503,Dana Sutton,isaiah01@example.net,@zacharymcintosh,True
317,429,Mackenzie Dawson,richardestrada@example.com,@swansontaylor,True
318,752,Angela Garrett,jenkinsscott@example.com,@lutzlisa,False
319,930,Nicholas Smith,vincentbishop@example.net,@tonya83,True
320,300,Jason Clark,brian63@example.org,@garciaanthony,True
321,580,Stephanie Davenport,christopher31@example.net,@karenhudson,True
322,316,Heather Berry,patriciajones@example.org,@marcus98,False
323,926,Jessica Harris,allen25@example.org,@sandra05,True
324,341,Leah May,richardmayer@example.com,@cindypotter,False
325,286,Jordan Guzman,xpowers@example.net,@jtran,True
326,800,Alexa Jenkins MD,ljohnson@example.com,@olivia14,True
327,195,Mrs. Michelle Gomez,davidchavez@example.net,@simpsonmichael,True
328,391,Mrs. Amber Chang,mistywhite@example.com,@jacob04,True
329,267,Jennifer Carroll,murrayjulian@example.com,@jameskaren,False
330,213,Steven Frey,frazierlinda@example.com,@mitchellcalvin,False
331,679,Alicia Schultz,carrillorobin@example.net,@gregory96,True
332,526,Kelsey Mendoza,laurawarren@example.com,@richardgreen,True
333,230,Jennifer Moore DVM,vschaefer@example.com,@kaylachurch,True
334,292,Jared Peters,keithmata@example.net,@ybarber,True
335,605,Edward Payne,rreeves@example.com,@andre41,True
336,687,Tammy Edwards,robertsraymond@example.net,@jay13,True
337,427,David Hamilton,justin02@example.org,@brockryan,False
338,979,Robert Rivera,sarahhenson@example.org,@adamsrobert,True
339,776,Pamela Morales,pmiller@example.org,@ryancook,True
340,987,Danielle Jordan,phillipsrobert@example.org,@samanthamatthews,False
341,820,Elizabeth Livingston,hernandezrebecca@example.net,@carpenterbrenda,False
342,134,David Higgins,nguyensarah@example.org,@griffithmorgan,False
343,972,Darrell Cummings,jyoung@example.net,@stewartmark,False
344,328,Anthony Peterson,judithholloway@example.net,@matthewjones,False
345,34,Justin Clark,erin97@example.net,@fgriffin,False
346,201,Amanda Giles,smithsteven@example.com,@jaredmoore,True
347,601,Jennifer Elliott,ricejonathan@example.org,@ysoto,False
348,765,Tamara Little,robert70@example.com,@jonathan09,False
349,832,Brian Clark,alejandra42@example.org,@vanessa57,True
350,639,Olivia Smith,uwhite@example.net,@kathleenolson,True
351,440,Karen Ford,prussell@example.org,@lammelinda,True
352,15,Adam Mckinney,gcastillo@example.org,@wconrad,True
353,862,Antonio Thompson,harveyeric@example.com,@daltonchambers,True
354,747,Nicholas Carter,ymoon@example.net,@nancymorrison,True
355,441,Gabriel Davis,john14@example.com,@bthomas,False
356,485,Sandra Williams,guerraruth@example.net,@lorrainesnyder,False
357,447,Eric Cross,mendozaeric@example.net,@michael64,False
358,568,Donald Scott,marcusallen@example.net,@robynfleming,True
359,658,Christie Brown,awoods@example.net,@wendy29,False
360,90,Evan Gibson,amorris@example.com,@pamelaperez,False
361,861,Jessica Turner DVM,floresemma@example.net,@xrodriguez,False
362,536,Valerie Barker,brewerbenjamin@example.com,@annette99,True
363,364,Mark Payne,tgonzalez@example.org,@eferguson,False
364,809,Jennifer Carney,jo07@example.com,@zanderson,True
365,986,Laura Miller PhD,williskelly@example.net,@valerie71,True
366,43,Colin Ramirez,michael87@example.net,@brookebrooks,True
367,296,Sandra Bell,lisa72@example.org,@townsendmichelle,True
368,629,Allen Miller,dhebert@example.net,@kstone,True
369,617,Elizabeth West,campbellmichael@example.com,@wilsonnicole,False
370,900,Samantha Vega,monica58@example.org,@cervantesscott,True
371,858,Elizabeth Gutierrez,caleb47@example.com,@harold98,False
372,359,Kathy Robertson,daypatricia@example.com,@vpace,True
373,345,Jerry Williams,combsrobert@example.net,@kimberly09,True
374,627,Jim Hamilton,clawrence@example.org,@ybass,False
375,2,Eric Clark,graymelissa@example.org,@iwelch,True
376,859,Anthony Garcia,jrobinson@example.com,@wandacruz,False
377,502,Jenna Reynolds,samantha17@example.org,@keithaguilar,False
378,700,Gilbert Hayes,aowens@example.net,@walkerlonnie,True
379,807,Christopher Weber MD,jasonsmall@example.com,@wrichardson,False
380,645,Tommy Johnson,ericwalker@example.net,@bakerpatrick,False
381,824,Tracey Harris,carrillochris@example.org,@sharon09,True
382,169,Cynthia Carroll,pmckenzie@example.org,@jonesjames,True
383,629,Wanda Gonzales,matthew44@example.com,@bjenkins,False
384,166,Russell Garcia,turnerryan@example.com,@kimrobert,True
385,452,Jessica Davila,aflores@example.com,@williamsstacy,False
386,732,Lauren Martin,monicabenson@example.net,@hkeller,True
387,210,Melissa Howard,wreese@example.net,@johnsonlori,True
388,874,Colleen Marshall,edgar96@example.com,@santiagoalan,True
389,27,Justin Lewis,hreyes@example.net,@svincent,False
390,229,Christopher Payne,katherinewhite@example.net,@anthonythomas,False
391,766,Sherry Winters,apatton@example.com,@gcampbell,True
392,99,Kenneth Woods,mark38@example.org,@qpierce,True
393,278,Ryan James,patricksmith@example.com,@hutchinsonerin,False
394,619,Katelyn Beasley,heather67@example.net,@joshuakhan,True
395,393,John Ball,angela57@example.com,@michaelyoung,False
396,434,Kathryn Cook,scott40@example.org,@meyerspencer,False
397,902,Matthew Andrews,cynthia36@example.net,@david71,True
398,690,Michael Foley,elizabethwilliams@example.org,@acastillo,False
399,269,Anthony Dunn,tbrown@example.net,@shawleslie,True
400,12,Angela Pierce,urobertson@example.org,@william94,True
401,494,Amber Garcia,hbrooks@example.org,@willie08,True
402,350,Paul Pearson,mchambers@example.org,@emarshall,False
403,116,Richard Gardner,hopkinskelly@example.com,@peter39,False
404,853,Mr. Joseph Hansen,michael81@example.org,@samuelhall,True
405,124,Kelli Knight,cliffordaguilar@example.com,@angelamendoza,True
406,784,Jennifer Stewart,bstevens@example.net,@james12,False
407,114,Karen Stewart,jennifer12@example.com,@obrienwilliam,True
408,335,Theresa Gentry,cheryl81@example.org,@hurstandrew,True
409,623,Rhonda Warren,randerson@example.net,@lopezchristopher,False
410,107,Kayla Long,wdodson@example.com,@beckmichelle,True
411,94,Julie Martin,wlopez@example.org,@larrybradley,False
412,144,Edward Johnson,davisamy@example.com,@thansen,True
413,531,Stacey Mitchell,unorman@example.com,@elevine,False
414,777,Laura Erickson,stoutcynthia@example.com,@ayerstravis,True
415,652,Kelly Hickman,gutierrezdouglas@example.net,@hendersongregory,False
416,647,John Gutierrez,bryan92@example.net,@brittanyrice,True
417,735,Steven Campbell,bcampbell@example.com,@dsmith,True
418,954,Adam Dyer,hclark@example.net,@juan24,True
419,727,Brian White,christine44@example.net,@kbrown,False
420,528,Erica Pratt,riceashley@example.com,@wcarter,True
421,808,Susan Mays,karen71@example.org,@brandon02,True
422,656,Matthew Blackburn,eric57@example.net,@dennishoover,True
423,628,James Bass,lisaherring@example.org,@whitejeffrey,True
424,502,Mark Jackson,wgraham@example.com,@sjones,True
425,852,Matthew Ramirez,xkey@example.net,@martinezmatthew,True
426,454,David Baker,calvingarrison@example.com,@michaelmitchell,False
427,716,Mr. Jonathan Davis MD,williammata@example.com,@ylang,True
428,916,Erin Brown,karenhenderson@example.net,@schwartzjoseph,False
429,629,Megan Phillips,stacyrodriguez@example.net,@kberry,True
430,35,Michael Cole,woodsmonique@example.net,@jeffrey04,False
431,98,Lee Morse,ptucker@example.org,@hstewart,False
432,722,Robin Mathews,henrydennis@example.org,@wfoster,False
433,873,Glenda Davis,johnsonmatthew@example.net,@millermathew,False
434,823,Jose Cox,stephaniecantu@example.org,@vaughnkeith,True
435,685,Kimberly Peterson MD,kristenmurray@example.net,@brian41,False
436,566,Monique Robinson,cherylhaas@example.com,@kylemcknight,True
437,419,John Shea,wilkersonderek@example.org,@justinshelton,True
438,302,Matthew Nelson,martinwendy@example.net,@loritaylor,False
439,102,Amy Padilla,rjames@example.com,@mariahcollins,False
440,44,Nancy Dunn,ncruz@example.net,@joseph75,True
441,432,Ronnie Blankenship,qcooley@example.org,@daviscolleen,False
442,856,Colleen Smith,miranda72@example.org,@rodriguezandrew,True
443,763,Michelle Woodward,twarren@example.com,@uhamilton,True
444,472,Jennifer Hughes,bkelly@example.org,@whiteheadcassidy,True
445,83,Amy Andersen,hlong@example.org,@maynardbecky,False
446,805,Timothy Hogan,krodriguez@example.net,@elizabeth49,True
447,243,Judy Thomas,foleykeith@example.net,@veronicavalenzuela,True
448,354,Johnny Mays,caseymartinez@example.com,@williamsmith,True
449,539,Lori Barton,thomaswalters@example.net,@howardwilliam,False
450,3,Samantha Gomez,samantha35@example.org,@jennifer61,True
451,554,Thomas Frazier,snorman@example.net,@isimmons,True
452,134,Monica Mcgrath,johnsonalicia@example.net,@rhayes,False
453,68,Courtney Norris,butlerbrandy@example.org,@kristin56,True
454,437,Cody Holmes,alvarezshari@example.org,@mary79,True
455,931,Amber Richards,glenndylan@example.org,@morgandavis,False
456,861,Jennifer May,emilyhall@example.com,@gary02,True
457,350,Jake Thompson,christensentracey@example.com,@akennedy,True
458,637,Corey Rush,krobinson@example.net,@fmiranda,False
459,343,Kristin Rivers DVM,fjordan@example.com,@ricardo30,True
460,126,Antonio Ford,tmcintosh@example.com,@tharris,True
461,36,Lisa Skinner,vjohnson@example.net,@goodmanthomas,True
462,139,Charles Lawrence,ahorton@example.net,@morrismark,True
463,698,Valerie Sampson,martinzachary@example.org,@jillianwaters,False
464,522,Susan Flynn,gonzaleztyrone@example.com,@hernandezmichael,True
465,194,Mrs. Emily Sanchez DVM,cartercasey@example.org,@jorgepittman,True
466,99,Gregory Gross,arodriguez@example.com,@rivassean,True
467,695,Caleb Fox,jonathan29@example.net,@ydawson,True
468,375,Trevor Walker,johndiaz@example.net,@areeves,False
469,773,Amanda Garrison,christopherdavis@example.com,@mcarpenter,True
470,395,Rebecca Walker,kathleenbell@example.net,@prattlaura,True
471,800,Laura Hill,michaelgates@example.org,@lauracummings,True
472,278,Shawn Hill,keithcervantes@example.net,@amberrivera,True
473,180,Ashley Berry,lindaklein@example.org,@willielindsey,False
474,639,Micheal Figueroa,kimberly31@example.net,@danieljohnson,False
475,659,Jonathan Frey,billy77@example.net,@lorigraham,True
476,597,Rodney Powers,pbarker@example.net,@prestonwayne,False
477,666,Justin Wilson,anthonydeanna@example.com,@tracy44,True
478,399,William Nichols,lsalas@example.com,@sherryray,False
479,144,Michael Vargas,haynesbrandon@example.com,@kristengreen,False
480,719,Suzanne Thomas,dominguezbetty@example.net,@heather13,False
481,199,Peter Hayden,ydavis@example.com,@paigeyoung,False
482,823,Debra Sanders,christine43@example.org,@ymueller,True
483,38,Susan Guzman,josephjones@example.net,@kimking,True
484,475,Aaron Robertson,carpenterlogan@example.net,@jriley,True
485,181,Cynthia Bryant,craig62@example.net,@jacksonian,False
486,883,Krista Moore,brandonjones@example.org,@gonzalezvictor,True
487,718,Amanda Jennings,leah70@example.net,@turnerjacob,False
488,794,Yolanda Schmidt,katie22@example.com,@powelljesse,False
489,897,Brandi Davis,wilsonmelissa@example.com,@elizabethaguirre,False
490,511,Derek Davis,cruztammy@example.org,@cbuchanan,True
491,787,Jacob Knight,horndavid@example.org,@ashley09,False
492,831,Tammy West,tammy02@example.net,@anitawalters,True
493,272,Aaron Rodriguez,jeffery97@example.org,@wellsrebecca,False
494,102,Jimmy Wright,yburns@example.com,@kbush,False
495,837,David Palmer,salvarez@example.com,@austin70,False
496,182,Vincent Butler,hillmargaret@example.com,@walkeralan,True
497,377,Nicholas Knight,tara91@example.net,@tcline,False
498,479,Edward Johnson II,dale37@example.com,@georgegarcia,True
499,787,David Ochoa,palmerbetty@example.com,@pwallace,True
500,24,Mark Morris,pflores@example.net,@jill95,True
501,130,Russell Jones,gallegoschase@example.com,@jonathan17,True
502,70,Joseph Marshall,aarongregory@example.com,@holmessara,False
503,476,Jennifer Webb,rebecca23@example.com,@roberto72,False
504,253,Jacob Lopez,jonathantyler@example.com,@duncanmelissa,False
505,203,Robert Griffith,blackryan@example.com,@bbates,False
506,845,Lisa Mckinney,zporter@example.com,@weekskevin,True
507,718,Jason Barnes,dana05@example.com,@simonjoshua,False
508,495,Tiffany Clay,ethan49@example.net,@richard15,False
509,47,Kimberly Williams,fbrady@example.org,@jordanbarbara,False
510,196,Mark Jones,bradleyparker@example.org,@victorianavarro,False
511,62,Laura Campbell,qbrown@example.org,@jodi06,False
512,936,Eric Allen,wwright@example.net,@sarah66,False
513,979,Austin Davidson,rbrown@example.net,@hallscott,True
514,591,Joseph Sellers,mellis@example.net,@aaronbowman,False
515,573,Rebecca Lucas,ericsolis@example.net,@cherylboyd,True
516,76,Sarah Lynch,jenniferbush@example.com,@berryaustin,False
517,408,Ronald Carter,mikaylafuller@example.org,@freynolds,True
518,822,Crystal York,noblegregory@example.org,@rthomas,False
519,169,Mr. Johnny Gordon,phall@example.com,@jcoleman,False
520,557,Whitney Morton,miaandersen@example.com,@carlyanderson,False
521,975,Alejandra Lewis,vicki78@example.com,@markjones,False
522,775,Emma Hammond,oelliott@example.net,@melanie40,True
523,714,Crystal Walker,rothbrenda@example.com,@duffybrianna,False
524,877,Mary Smith,vhale@example.net,@johnsondavid,False
525,352,Jared Gibson,robert29@example.net,@jamiemiller,False
526,639,Mary Chavez,ryan18@example.net,@guerrerotraci,True
527,501,Travis Rodriguez,pcantu@example.net,@gflores,False
528,817,Mary Miller,lorigibson@example.net,@spearstanya,True
529,111,Stephen Velasquez,thomascarter@example.org,@smiththomas,False
530,941,Jacob Yoder,patrick94@example.org,@cheryl50,False
531,148,Charles Rodgers,sanchezjessica@example.org,@marialewis,False
532,323,Leonard Miller,terrance61@example.com,@gibsonhenry,True
533,534,Heather Russell MD,tmendez@example.net,@jamescarter,False
534,475,Vickie Anderson,clinton51@example.org,@aroberts,False
535,497,Debra Roberts,daysydney@example.net,@pgonzalez,False
536,995,Cynthia French,youngtimothy@example.org,@rebeccacook,False
537,112,Jean Cooper,allen18@example.net,@andrew16,True
538,837,Dr. Sean Martinez,fgarcia@example.net,@megan38,True
539,189,Lucas Harris,stacey39@example.net,@geraldmooney,False
540,5,Michelle Frank,melissajackson@example.net,@vtaylor,True
541,46,Jessica Olson,amy88@example.com,@smithdarrell,True
542,49,Danny Duncan,pcampbell@example.com,@corey29,True
543,578,Jacqueline Sims,samantha85@example.com,@sharonbrooks,False
544,120,Christopher Stevens,johnstonalbert@example.org,@danielle68,False
545,469,Daniel Lang,trujilloalexa@example.net,@zgray,False
546,803,Christopher Young,amandawhite@example.com,@patrickkelly,True
547,387,Christine Rogers,davidstewart@example.net,@wmorgan,False
548,429,Francis Martinez,stephaniebradshaw@example.org,@joseph07,True
549,616,Tyler Hernandez,heidihatfield@example.net,@hwallace,False
550,571,David Palmer,maryharris@example.net,@jenniferjones,False
551,918,Robert Gamble,cwilson@example.com,@stevenwalker,True
552,461,Tyler Flores,deanheath@example.net,@samuellucero,True
553,76,Kristen Perry,lsmith@example.net,@campbellkevin,True
554,533,Angela Phillips,amandajohnson@example.com,@dodsonjeanette,False
555,291,Thomas Ferrell,christophermurphy@example.com,@leeguzman,False
556,287,Calvin Ramirez,lori63@example.org,@brenda49,False
557,948,Ryan Marquez,hendersonlisa@example.net,@iwalker,False
558,411,Jennifer Wood,hwilliams@example.com,@ovega,False
559,936,Stephen Flores,patricia41@example.org,@natashahoward,False
560,31,Diana Gonzalez,larryhill@example.com,@darlenewilliams,False
561,878,Jared Sweeney,proth@example.com,@uguerrero,False
562,56,Allison Hunter,thomas38@example.net,@chelsea95,False
563,576,Stephanie Cole,monica82@example.com,@greenrandy,False
564,959,Andrew Johnson,padams@example.net,@taylorkelly,False
565,894,Christina Carpenter DVM,harrisjohnny@example.org,@shernandez,True
566,19,Vincent Mcpherson,ballardamy@example.net,@gregory84,False
567,831,Barbara Parker,ejackson@example.com,@fprice,True
568,359,Kenneth Stanley,julie80@example.net,@vbradshaw,False
569,360,Joseph Stewart,edwardmitchell@example.com,@lopezjorge,False
570,175,Patrick Wheeler,david61@example.org,@tonya95,True
571,667,Natasha Hall,tmoss@example.net,@garyrowe,True
572,315,Stacy Anthony,hknight@example.com,@kathleennewman,False
573,647,James Zhang,kaitlyn99@example.net,@johnathanhenry,False
574,159,Joshua Lynch,davidanderson@example.com,@anita28,False
575,297,Lauren Estes,mikekelly@example.net,@nicolebrown,True
576,242,Joseph Roy,gabriel51@example.com,@robinjimenez,True
577,332,Michael Carter,jmaddox@example.com,@hbennett,True
578,969,Joshua Cruz,jared42@example.com,@dianaramirez,False
579,944,Andrew Shannon,littledesiree@example.com,@amber74,False
580,958,Erin Simmons,shannonwallace@example.net,@stacywest,True
581,495,Bonnie Tapia,jessicawilliams@example.org,@fitzgeraldstephanie,False
582,700,Gregory Stevens,edgarmartinez@example.net,@mackenzie90,False
583,199,Kathleen Olsen,kaitlin63@example.net,@brian81,True
584,57,Dr. Jeffrey Burke MD,cathy07@example.org,@monica03,True
585,414,Beth Wright,pricerobert@example.com,@jennareyes,False
586,120,Elizabeth Wallace,hebertjoseph@example.org,@fglass,False
587,99,Steven Gutierrez,wwilliams@example.net,@monica43,True
588,350,Mary Davis,millsnatalie@example.org,@ljoyce,False
589,184,William Brown,michael95@example.com,@dcollins,False
590,791,Alexis Martinez,james27@example.net,@nicoleyoder,True
591,66,Danielle Price,phillipschristine@example.com,@cbeasley,False
592,593,Tina Mills,chadwright@example.com,@ethan91,True
593,240,Patricia Weber,hunterjill@example.com,@michelle45,False
594,250,Dalton Sanders IV,rebecca26@example.net,@michael68,True
595,980,Darryl Miller,brittanywade@example.com,@shellybrennan,False
596,788,David Ponce,joshua74@example.com,@gwilson,True
597,263,Brian Powers,btran@example.org,@baileymonica,True
598,736,Kenneth Ramirez,christopherwong@example.org,@richard54,True
599,947,Jordan Peters,gmartinez@example.net,@vegajudy,False
600,140,Mike Jones,richard48@example.org,@wallen,True
601,695,Michael Stone,rachel95@example.net,@karenwinters,True
602,559,Melvin Hansen,megan55@example.net,@martinezpamela,False
603,316,Linda Allen,allisonhughes@example.net,@rebeccataylor,True
604,15,Robert Martin,rdavis@example.org,@ralph97,False
605,452,Lindsey Davis,dmoore@example.org,@rodriguezbrenda,False
606,808,Angela Hamilton,alexanderrenee@example.com,@brianmartin,True
607,635,Mary Stuart,mckinneyjoshua@example.net,@brownshannon,False
608,205,Nancy Simon,jasonkoch@example.org,@elijah96,True
609,96,Michael Bowman,kirkjustin@example.com,@angie40,False
610,620,Michael Griffith,chelseajones@example.net,@jkim,True
611,959,Rebecca Mcgee,jimmy33@example.net,@sharpgabrielle,True
612,722,Jessica Graham,duranmichael@example.net,@angelica20,False
613,261,Christina Dunn,barry91@example.com,@juan34,False
614,486,Leslie Roth,salinasjordan@example.net,@elliottchristopher,True
615,759,Scott Jones,leediana@example.com,@walshdana,True
616,188,James Chandler,edwardbenson@example.org,@oshepherd,True
617,37,Margaret Wade,melissa49@example.net,@ujohnson,False
618,351,Jesse Campbell,mcdowelljeanette@example.org,@crawfordjose,True
619,873,Casey Ruiz,marshallandrew@example.com,@julie38,False
620,59,Martha Castaneda,christina15@example.org,@kennethclark,True
621,523,Nicole Figueroa,hernandezjeremy@example.org,@mark47,True
622,242,Jonathan Castillo Jr.,bradleyclinton@example.org,@aparker,False
623,10,Jessica Pace,mwarren@example.com,@william51,False
624,334,Mary Stone,qswanson@example.com,@zimmermanteresa,True
625,828,Jason Allen,gainesjeffrey@example.com,@vcamacho,False
626,222,Ashley Wyatt,kim79@example.org,@carlos69,True
627,535,Evan Martin,aprilwhite@example.org,@tamara83,True
628,489,Ronnie Floyd,jimmy42@example.org,@johntran,True
629,906,Robyn Brown,reyesjohn@example.org,@murphyshannon,True
630,693,Stacey Ward,hudsondaniel@example.net,@wyattwilliam,False
631,758,Todd Gilbert,jreynolds@example.net,@barbara46,False
632,142,Kayla Jones PhD,ariel81@example.org,@nicole72,False
633,544,Kyle Fischer,vincent41@example.org,@molly82,False
634,806,George Ramirez,mark08@example.net,@jessicawolf,False
635,361,Parker Cruz,dbrown@example.net,@lcaldwell,True
636,676,Leslie Berry,andersoncharles@example.com,@marysantos,False
637,569,Duane Davis,gfrey@example.com,@scottwells,True
638,168,Katie Ramirez,jasmine47@example.com,@hodgesbrittany,False
639,947,Amy George,ufrank@example.com,@michael89,False
640,315,Micheal Estes,moodytimothy@example.org,@micheal10,False
641,51,Christina Aguirre,brianfrank@example.com,@swebster,True
642,763,Paula Green DDS,ryoung@example.net,@ramirezchristopher,False
643,644,Tracy Tapia,qbailey@example.com,@fmiller,True
644,89,Joshua Douglas,christopher29@example.com,@ewilson,True
645,602,Caitlin Berry,barryadams@example.com,@ynorris,True
646,252,Kayla Meyer,rachel95@example.org,@schneiderantonio,False
647,165,Nicole Rivera,william12@example.net,@marioirwin,True
648,787,Amanda Mason,wrightrebekah@example.net,@frank54,False
649,800,Michael Brown,lruiz@example.net,@mwilson,False
650,742,Catherine Nguyen,matthew76@example.net,@kgomez,True
651,605,Stephen Harmon,aaron91@example.net,@rwilliams,True
652,101,Zachary Stephens,russell02@example.org,@scottwilson,True
653,123,Justin Reyes,imorrow@example.org,@cathy58,True
654,194,Vanessa Miller,alvarezjames@example.com,@ricardomoore,True
655,568,Maria Soto,sara32@example.org,@ryanmichael,True
656,871,Dennis Morales,lucasstephanie@example.net,@elizabeth98,True
657,294,James Harris,gwilliams@example.com,@amandasmith,False
658,409,Hannah Mendez,kristen90@example.com,@dwerner,False
659,885,Sharon Le,heidichang@example.org,@cassandrasimmons,True
660,827,Patrick Martinez,brad14@example.net,@andrewrodriguez,True
661,923,Karen Yates,nicholascastaneda@example.net,@vincentmartin,True
662,433,Amber Cuevas,hwalters@example.net,@kcoleman,True
663,987,Nicholas Krueger,crystal42@example.com,@ddixon,False
664,829,Allison Martin MD,jmooney@example.com,@mhahn,True
665,959,Lori Thompson,briana04@example.net,@howardray,True
666,721,Brittany Sanchez,schmidtdaniel@example.org,@pollardlori,True
667,978,Jacob Kline,owenskimberly@example.org,@cabreraapril,False
668,404,Michelle Payne,morenojoshua@example.com,@sdavis,False
669,617,William Gutierrez,wandawilliams@example.net,@brettmiller,False
670,607,Rhonda Mccann,phoward@example.com,@vcastillo,False
671,437,Christopher Meyer,kimberly63@example.net,@michaelreynolds,False
672,797,Kurt Rowland,ecrane@example.org,@russellbethany,True
673,155,John Acosta,shaneflores@example.net,@jessica21,False
674,46,Anne Brown,xanderson@example.org,@turnerrichard,True
675,134,Cassidy Booth,cortezjohn@example.org,@nathanhall,False
676,162,Justin Griffin,morsepaul@example.com,@lanerachel,False
677,118,Cory Miller,westtony@example.net,@huertacharles,False
678,931,Mrs. Erin Harris,kennethhughes@example.net,@stephencochran,False
679,786,Ronald Davis,gstephens@example.org,@qperry,True
680,40,Brandon Guzman,johnscott@example.com,@williamcole,True
681,502,Karen Walker,bmoore@example.org,@marymedina,False
682,835,Carolyn Bowman,garciapatrick@example.com,@marissa82,False
683,681,Anne Mccoy,kayla51@example.net,@maureenlewis,True
684,716,Wendy Murray,conniewebb@example.com,@pramirez,False
685,430,Kyle Boone,abrown@example.net,@davidrose,True
686,364,James Mckay,kray@example.com,@bethanywebb,False
687,33,Daniel Moore,kwhite@example.org,@williammorris,True
688,243,Beverly Hinton,michaelrobinson@example.net,@mcooper,True
689,737,Nicole Sanchez,zlove@example.com,@wrightsabrina,True
690,479,Becky Wright,crystalgordon@example.com,@camposlori,False
691,970,Tyler Shaw,mcdonaldrobert@example.net,@annawilson,False
692,722,Anna Suarez,balexander@example.net,@hannah85,True
693,71,Stephen Ward,athomas@example.com,@masonwendy,False
694,446,Barbara Bonilla,gloriafranklin@example.com,@grahamdavid,True
695,758,Sharon Jones,richardsonsteve@example.net,@nriley,False
696,732,Hannah Hansen,lopezcurtis@example.com,@halljason,True
697,855,Sean Barnes,jpope@example.com,@acevedoangela,False
698,748,Devin Peters,fhopkins@example.net,@jcastro,True
699,857,Chelsea Wagner,krobinson@example.org,@carrillosarah,False
700,91,Kristen Cochran,fbarajas@example.org,@brianbush,True
701,481,Thomas Osborne,fgordon@example.org,@carolynwalls,True
702,117,Andrea Padilla,nicholas50@example.com,@wsmith,False
703,504,David Hancock,kimberly09@example.com,@emilyking,True
704,608,Bruce Wood,stevengarcia@example.com,@mblair,True
705,51,Rebecca Day,hollandstephen@example.com,@gibbshannah,False
706,916,Mary Mitchell,emilybecker@example.com,@khunter,True
707,328,Ashley Rogers,barnettstephanie@example.com,@gibsonlisa,True
708,721,Joel Brooks,james01@example.org,@tperez,False
709,241,Walter Martin,teresa26@example.net,@sydney96,False
710,302,Destiny Hodges,hillelizabeth@example.com,@oconnorlawrence,True
711,584,Aaron Pierce,ellen54@example.org,@sandersjulie,False
712,579,Leah Haynes,vanessaespinoza@example.org,@robert61,True
713,508,Robert White,calhounrobin@example.net,@wigginsnicholas,True
714,165,Kayla Trujillo,jonathan43@example.com,@jordanmiller,True
715,299,Jeffrey Oliver,melvinsmith@example.net,@ogordon,True
716,94,Brandon Thompson,walkerjames@example.net,@lsherman,True
717,597,Troy Sullivan,richardsonjennifer@example.org,@jbrooks,True
718,173,Mary Taylor,timothyfowler@example.com,@ericterry,False
719,673,Robert Nolan,dbradley@example.org,@pmclaughlin,False
720,608,Michelle Cruz,vwilliams@example.org,@sparker,False
721,768,Kevin Pennington,hollowaychristopher@example.net,@christopher68,True
722,648,Dr. Curtis Thompson,wmartin@example.net,@tina04,True
723,908,Rodney Lewis,sshaffer@example.org,@qroy,True
724,798,Amanda Nguyen,bbaker@example.net,@tiffanymcdonald,False
725,596,Wesley Davis,ashleyjames@example.org,@briananderson,True
726,576,Krista Alvarez,mileswilliam@example.com,@mooneygregory,True
727,271,Mathew Kirby,asmith@example.com,@fjohnson,True
728,763,Tammy Weaver,christopher86@example.com,@charles81,True
729,151,Amy Hayes,chanbryan@example.org,@jeanadkins,True
730,608,Robyn Ward,rick82@example.com,@mccormickzachary,False
731,832,Mr. Edward Allen,qmckinney@example.net,@danny69,False
732,744,Brenda Berry,lauren79@example.net,@phumphrey,False
733,884,Sandra Henry,wschultz@example.net,@patrickjennings,True
734,325,Richard Gibson,isaac36@example.com,@ocarter,True
735,839,Joshua Marshall,matthewedwards@example.net,@ysanders,False
736,826,Danielle Garrison,mcarter@example.com,@qroman,True
737,718,Julie Little,amandarangel@example.net,@stevenbarry,False
738,63,Joseph Jones,dustindecker@example.com,@nancy98,False
739,972,Casey Wallace,brayjennifer@example.com,@jackhoover,False
740,666,Valerie Rodriguez,madison07@example.net,@davidfranklin,True
741,479,Kenneth Guerrero,fmoody@example.com,@james44,True
742,761,Brian Hawkins,lindseysims@example.com,@allisonglenn,False
743,668,Paula Jackson,cunninghamkeith@example.net,@kimberly37,False
744,386,Jennifer Casey,robertmorgan@example.org,@kimberly80,False
745,624,Paul Mcclure,enguyen@example.org,@teresa68,True
746,885,Jessica Hancock,makaylawilliams@example.net,@wgay,True
747,482,Amanda Sanchez,vgarcia@example.com,@hector66,False
748,492,Stephen Diaz,deborahpierce@example.net,@nathaniel75,False
749,925,Anita Shaffer,iballard@example.net,@patrickmccall,False
750,383,Stephanie Long,nicholas99@example.net,@sharonorr,False
751,135,Kellie Oliver,donaldbarnes@example.com,@joel68,True
752,93,John Pace,amandacummings@example.com,@elizabethgeorge,False
753,812,Sarah Roberson,ronaldedwards@example.com,@qrussell,True
754,731,Amy White,sandovalsusan@example.org,@williamsdeborah,True
755,105,John Moore,andrewlopez@example.com,@proctormeredith,True
756,729,Danny Boyd,gcook@example.org,@huffmanlinda,False
757,831,Eric Romero,meganchase@example.org,@fwilson,False
758,626,Jennifer Griffin,imedina@example.org,@jennysmith,True
759,613,Leslie Joseph,josemcdonald@example.org,@jenniferortiz,True
760,663,Corey Ballard,yatesdennis@example.org,@nicole26,False
761,684,Edward Ray,opotts@example.com,@patricia17,False
762,385,Bethany Mercado,lauraholden@example.net,@martineznicholas,True
763,256,Christopher Gonzalez,gonzalezkristen@example.com,@ryanramos,True
764,882,Jennifer Hernandez,maryespinoza@example.net,@monicabowen,False
765,213,Tammy Bell,alan75@example.net,@jsoto,True
766,214,Danielle Gonzales,tjohnson@example.com,@hansonjon,False
767,162,Richard Allen,micheleholland@example.org,@mholland,True
768,272,Jeffery Salazar,josescott@example.com,@santosdennis,False
769,55,Terri Hale,larsontracy@example.com,@etorres,True
770,776,James Frank,jimmedina@example.net,@ortizspencer,False
771,965,Sandra Wright,strongwilliam@example.org,@xfrancis,True
772,557,Christopher Robertson,wwells@example.org,@billypham,True
773,537,Stephanie Meza,kerri54@example.org,@wnunez,False
774,366,Michael Lee,fsingh@example.net,@fmaynard,False
775,627,Hunter Haynes,ortizrussell@example.net,@jjones,False
776,531,Nathan Jimenez,jesus00@example.net,@qmeyer,False
777,911,Dr. Brandon Harris,jasonhernandez@example.com,@brendabowers,True
778,71,Amanda Perez,oho@example.net,@vjones,False
779,626,Virginia Donaldson,albertortiz@example.com,@ufuller,False
780,333,Valerie Myers,alex09@example.org,@kennedysara,True
781,140,Susan Hall,baileykevin@example.net,@dana00,False
782,419,Rebecca Murillo,dcole@example.net,@robert57,True
783,480,Michael Jones,shirleywilson@example.org,@qcrawford,False
784,730,Christina Lee,ubishop@example.com,@brittanydavidson,True
785,518,Debra Crosby,idavis@example.com,@ojohnson,True
786,564,Tammie Brown,bowenroberto@example.org,@hillsharon,True
787,16,Tracy Cochran,tammymarsh@example.org,@courtneybradley,False
788,633,Gabriel Greene,michelle70@example.net,@anthony84,True
789,761,Shannon Jones,thomasrachel@example.net,@tcastro,True
790,93,Samantha Lee,jholden@example.org,@carrielee,False
791,908,Peter Miller,sarah75@example.com,@brownjames,False
792,228,Adam Klein,amyfields@example.net,@zbridges,True
793,10,Nicole Young,nfoster@example.org,@nortiz,True
794,416,Peter Harris,maldonadorobert@example.org,@patrickrhonda,False
795,375,Dr. David Kim,jennifersilva@example.net,@matthewoneill,False
796,744,Derek Hughes,lisablack@example.net,@zwashington,False
797,763,Julie Jordan,twallace@example.org,@tomsimmons,True
798,870,Joshua Watson,pjordan@example.net,@zmann,True
799,972,David Fox,jasonfrank@example.org,@meagan36,False
800,537,Ashley Rowe,kevin08@example.net,@reillywalter,True
801,701,Matthew Thompson,kiarabennett@example.com,@spatel,True
802,506,Luis Merritt,ilewis@example.com,@josephbowen,True
803,381,Erica Owens,nicholashernandez@example.com,@mcdonaldbrenda,True
804,465,Kimberly Bishop,william47@example.com,@cmiller,False
805,765,Rhonda Cunningham,brandonanderson@example.com,@amandayoung,False
806,126,Wesley Durham,wagnermelanie@example.net,@beth55,False
807,503,Elaine Hayes,stephaniejackson@example.com,@lramos,True
808,583,Barbara Jones,ahoward@example.net,@robin73,False
809,462,Sara Shields,alejandrobrown@example.net,@njones,False
810,65,Robert Davila,felicia24@example.net,@pcollins,True
811,240,Phyllis Murphy,robertcross@example.org,@martinezcatherine,True
812,297,Ivan Black,jose84@example.net,@connorwells,False
813,628,Gail Davis,lisavargas@example.net,@qmarquez,False
814,793,Ernest Barrett,jhernandez@example.org,@jacquelinemorgan,True
815,82,David Carrillo,victoriaware@example.net,@bcook,True
816,107,Nicole Ramirez,fhowell@example.com,@mwatson,False
817,412,Eddie Green,virginiakramer@example.net,@richard54,True
818,217,Christopher Dunn,bryan53@example.com,@robinsonangela,False
819,778,Rose Hicks,williamhoward@example.org,@martha63,False
820,817,Cynthia Ewing,duncanjose@example.org,@fbrown,True
821,409,Paul Washington,mcmillanamy@example.com,@umoore,False
822,557,Jared Gordon,katherinelawrence@example.com,@mary61,False
823,138,Kenneth Berry,smithsara@example.org,@amyedwards,False
824,367,Steven Johnson,charlesrussell@example.net,@webbcrystal,False
825,783,Anthony Chavez,hpeters@example.com,@rebecca79,True
826,607,Douglas Stewart,nwhite@example.net,@scottgarcia,True
827,413,Kimberly Miller,billywilson@example.com,@johnsonlindsey,False
828,727,Rodney Fisher,jennifergutierrez@example.net,@martinezanna,True
829,308,Teresa Fernandez,codysullivan@example.com,@mgregory,False
830,333,Joshua Hamilton,reidamy@example.org,@schneiderlauren,False
831,367,Chloe Rangel,andrewmalone@example.com,@shirley19,True
832,700,Thomas Rodriguez,xvillarreal@example.org,@lbryant,True
833,928,Gail Moses,nperez@example.org,@jeffrey30,False
834,353,Caroline Williamson,luke40@example.org,@lindaramirez,True
835,733,Kenneth Randall,dorisshelton@example.com,@thomas05,False
836,815,Ashley Chavez,michelle23@example.org,@bpope,True
837,353,Michelle Hall,jessica90@example.com,@hjackson,False
838,121,James Cochran,parsonsanthony@example.net,@olivermichelle,False
839,224,Michael Lindsey,johnsonmorgan@example.net,@chavezcharles,True
840,667,Emma Pham,johnparks@example.com,@edavis,True
841,44,Jordan Harris,matthewlewis@example.com,@stephanie99,False
842,67,Chelsea Wells,austin99@example.org,@robertgriffin,False
843,788,Alan Erickson,harold07@example.com,@greenecaitlin,True
844,295,Rebecca Kennedy,unelson@example.net,@nmckay,False
845,813,Penny Williamson,oconnorbrett@example.org,@christopher46,False
846,649,Edward Prince,zmiller@example.org,@dillonkatherine,False
847,614,Melissa Burke,hallkathryn@example.com,@nielsenerica,False
848,607,Mrs. Sarah Long,ronaldfritz@example.com,@christopheryoung,False
849,764,David Obrien,yperez@example.org,@alexisjimenez,True
850,128,Bryan Rogers,freyamanda@example.com,@david99,True
851,490,Kathryn Collins,bkrueger@example.com,@barbara81,False
852,242,Lucas Atkinson MD,amandajohnson@example.com,@vanessa60,True
853,862,Dawn Navarro,emily94@example.com,@owood,False
854,702,Christy Rodgers,william91@example.com,@howelljeffrey,True
855,66,Joshua Jones,jennifersimmons@example.net,@linda36,True
856,82,Jonathan Perry,wallacesamantha@example.com,@brian44,False
857,398,Katelyn Calderon,ykelley@example.net,@william39,False
858,70,Lisa Waters,jesse73@example.org,@sharon44,False
859,793,Jessica Roberts,vcooper@example.net,@jesse87,False
860,544,Alex Wyatt,anna22@example.org,@amoon,True
861,971,Justin Sandoval,jacob46@example.net,@dsanchez,False
862,976,Heather Foster,kaylachase@example.org,@katherine18,False
863,696,Alicia Haas,bellstephen@example.org,@regina01,False
864,178,Richard Cooper,glendaadams@example.org,@rachel06,False
865,982,Wanda Castro,dominguezallison@example.com,@kathleennguyen,False
866,328,Linda Martinez,fritzjerry@example.com,@ellenjames,True
867,841,Tony Boyd,roy51@example.net,@carolynnewton,False
868,606,William Newman,jimmytaylor@example.net,@scrosby,True
869,855,Elizabeth Herrera,bowersrachel@example.net,@christopheryates,True
870,532,Jessica Moody,alexiswest@example.org,@craig55,True
871,10,Richard Walker,campbellashley@example.com,@kingkathryn,True
872,633,Ethan Drake,rhondagordon@example.com,@xaviersandoval,False
873,359,Rebecca White,toddlong@example.net,@reynoldskathy,False
874,804,Sharon Robbins,rileykayla@example.com,@jonmoore,False
875,199,Joseph Schmidt DDS,atorres@example.net,@frank74,False
876,135,Andrew Pennington,amberharris@example.org,@dannyzimmerman,False
877,889,Felicia Robinson,megan09@example.com,@cthomas,False
878,665,Jason Todd,gary96@example.org,@uholmes,True
879,302,Douglas Lee,reginaglover@example.com,@reynoldsbrian,True
880,680,John Morgan,april14@example.org,@audrey63,False
881,447,Sara Jackson,troycannon@example.org,@umueller,False
882,609,Sierra Romero,wilsoncorey@example.com,@ehuffman,True
883,305,Shawn Johnson,andersonchristopher@example.net,@michaelalexander,False
884,82,Megan Cortez,brian46@example.org,@andrewwilkinson,False
885,596,Patricia Winters,johnstonmichael@example.com,@larrymatthews,False
886,474,Gloria Lamb,cindyyoung@example.net,@brucesoto,True
887,226,Brian Buck,alexanderwilson@example.com,@pjones,True
888,817,Monica Lynch,freemaneric@example.com,@hpatterson,False
889,536,Heather Macdonald,huynhteresa@example.org,@michael65,True
890,260,Eric Osborn,janetmason@example.com,@lopezamber,False
891,211,Mark Williams,thomassmith@example.net,@pgreen,False
892,575,Gary Jones,zamoradaniel@example.net,@aaron12,False
893,388,Ashley Green,vincent07@example.com,@carpenterdouglas,True
894,554,David Scott,carol45@example.com,@douglasdixon,True
895,646,Miranda Fuentes,cookdavid@example.net,@jessica73,True
896,900,Curtis Brown,shannonwebb@example.org,@isaacmeadows,False
897,45,James Clark,tatecharles@example.org,@carrie50,True
898,661,Cheryl Barr,mathewsseth@example.net,@thompsonsamantha,True
899,691,William Massey,mwoods@example.com,@shirleyhill,False
900,865,Melissa Wade,jose00@example.net,@ogarcia,False
901,349,William Melton,williamsmichael@example.org,@cantrellcheryl,True
902,439,Alec Holt,byrdbryan@example.net,@randymartin,False
903,278,Brent Patton,davisanthony@example.com,@andrew59,False
904,964,Louis Barron,brooke47@example.net,@carolmartinez,False
905,215,Gilbert Wheeler,uparker@example.com,@pattersonmichelle,True
906,912,Jeremy Cannon,karen33@example.net,@scott05,True
907,842,Shelby Mcbride,osmith@example.com,@jacksonchad,False
908,97,Edward Wells,peter75@example.net,@ctran,True
909,133,Juan Parks,carrie79@example.org,@imiller,True
910,106,Derek Snyder,skim@example.net,@alexiswilliams,True
911,869,Mr. Michael Christensen II,vhill@example.org,@kellymccarthy,False
912,730,Clifford Hopkins,sharon42@example.org,@sdavila,False
913,321,Susan Ashley,seanjohnson@example.org,@smithglenn,False
914,800,Rebecca Brooks,jennifermurray@example.org,@ibanks,False
915,23,Mrs. Janice Moyer,tsloan@example.com,@tparker,True
916,948,Brandon Curtis,zimmermanalan@example.net,@hollandkathryn,True
917,298,Kimberly Medina,josephfisher@example.net,@ywest,True
918,587,Maria Brock,pamelamaxwell@example.org,@dholloway,True
919,83,Jason Gaines,mcgrathjohn@example.net,@zbrown,True
920,801,Derrick Carey,tammytorres@example.org,@kellikennedy,False
921,827,Debbie Murphy,rileytammy@example.com,@martinezsharon,True
922,706,Bobby Hicks,sara39@example.org,@hartmanmaxwell,False
923,59,Mandy Russell,smithryan@example.net,@zrussell,False
924,571,Nicholas Stewart DDS,qcurtis@example.net,@edwardslisa,True
925,886,George Smith,jackie93@example.com,@dustin29,True
926,813,William Perry,bmoses@example.com,@travisgonzales,False
927,378,Christine Maxwell,kanewilliam@example.net,@sararivera,True
928,80,Annette Solomon,walkerbailey@example.com,@sjames,False
929,13,Jessica Simon,jallen@example.com,@cookangela,False
930,518,Elizabeth Cook,susanvilla@example.net,@justin73,False
931,572,Marcus Williams,lisahubbard@example.org,@mary88,False
932,23,Amanda Simpson,angela63@example.org,@halljordan,False
933,486,Melissa Walker,montgomerykimberly@example.org,@harrisstephanie,False
934,169,Matthew Johnston,katelynblanchard@example.com,@michael25,False
935,765,Alicia Thompson,angelabrooks@example.net,@sarawebb,False
936,110,Matthew Moore,christopher93@example.org,@melanie82,False
937,344,Andrew Peters,johnnyponce@example.com,@goodmanrichard,False
938,452,Cindy Howard,michaelhicks@example.com,@lamstephen,False
939,30,Gregory Ward,murraymatthew@example.org,@uarmstrong,False
940,556,Erica Stewart,natalie81@example.org,@jessicaduran,True
941,831,Ricky Kaiser,uleonard@example.org,@john42,False
942,992,Nancy Williams,krhodes@example.org,@pamelacameron,False
943,441,Rachael Knapp,bushmelissa@example.com,@jasmine05,False
944,164,Mark Bowen,julie52@example.com,@richard78,True
945,393,Carmen Brown,ncarter@example.net,@tmurray,True
946,207,Lindsay Jones,ejohnson@example.com,@jennifer48,True
947,359,Amy Larson,mjackson@example.com,@lauragutierrez,False
948,91,Daniel Hamilton,smithlaura@example.net,@sullivannatalie,True
949,405,Steven Davenport,harry79@example.org,@elizabethhood,False
950,451,Duane Johnson,garrettsteven@example.com,@tonycox,True
951,375,Amber Hernandez,hvelasquez@example.net,@vgray,False
952,206,Thomas Brown,bbaker@example.net,@sarahwalker,False
953,919,Daniel Fox,deborah58@example.org,@darrell62,True
954,764,Elizabeth Russell,peterdavis@example.com,@arodriguez,False
955,707,Jennifer Morales,tamara65@example.org,@gregory72,False
956,944,Sarah Knight,kristin41@example.com,@ehernandez,True
957,702,Leah Mejia,chad39@example.org,@zimmermanbobby,True
958,458,Brian Armstrong,ecarpenter@example.net,@gray,True
959,387,David Martinez,dhernandez@example.net,@brian85,True
960,658,Philip Sanders,judithcook@example.net,@buchanannatalie,False
961,515,Larry Moore,pamela37@example.net,@jacobmaxwell,True
962,914,Danielle Taylor,pricedouglas@example.net,@johnavila,False
963,58,Lisa Moss,wparker@example.org,@mason60,False
964,47,Evan Martin,smithleonard@example.org,@damonramirez,False
965,416,Robert Burns,ysandoval@example.net,@ebenjamin,True
966,943,Anthony Scott,michaeltaylor@example.org,@jestes,False
967,532,Jeff Trevino,tanyamiller@example.com,@nancyvelez,False
968,973,Tracey Hart,ijones@example.com,@victoriafaulkner,False
969,695,Melissa Marshall,heather89@example.com,@petersontravis,False
970,739,Johnny Santiago,mckinneybrittany@example.org,@zstevens,True
971,105,William Nelson,gortega@example.net,@jeffreyblair,False
972,15,Robert Carroll,margaret58@example.org,@combssean,True
973,646,Timothy Levy,tyoung@example.com,@rodriguezstephanie,False
974,602,Matthew Robinson,cpeterson@example.org,@sethlin,False
975,126,Melissa Palmer,friedmanwalter@example.com,@nmcdowell,False
976,782,Michael Ramos,rallen@example.com,@fmitchell,True
977,221,John Stewart,leslieroth@example.com,@andrewallison,False
978,527,Mr. Timothy Peterson,vickie48@example.com,@warrenvictoria,False
979,865,Stacey Petty,mcdonalddavid@example.com,@dphillips,True
980,632,Ryan Vazquez,guybaker@example.com,@phanson,True
981,956,Amy Miller,nicholas83@example.net,@johnny32,True
982,79,Marcia Thompson,janicealvarado@example.com,@brett80,False
983,792,Kelly Miller,jacksonjones@example.org,@lisadyer,False
984,737,Jordan Cochran,nkelley@example.net,@deborah45,False
985,640,Felicia Reed,austin57@example.net,@cbarnes,False
986,869,Jonathan Hudson,obaldwin@example.com,@randrews,False
987,266,Carmen Garcia,bryan80@example.org,@tina30,True
988,726,Douglas Rogers,richardbell@example.net,@mirandamcgee,True
989,323,Elizabeth Smith,rcruz@example.net,@charleshenderson,True
990,150,Mary Arroyo,whitneykrystal@example.com,@hardinsarah,True
991,464,Melanie Sanders,tina54@example.com,@williamwhite,False
992,915,Robert Pope,ohill@example.com,@alexander36,True
993,561,Benjamin Scott,ylopez@example.net,@kellyhess,True
994,487,Steven Collins Jr.,sbright@example.org,@tpennington,False
995,518,Elizabeth Green,karlaknapp@example.org,@dbrown,True
996,423,Elizabeth Dawson,qsmall@example.com,@jonesrobert,False
997,560,Mariah Moyer,kathleenevans@example.com,@peggy15,True
998,966,Gregory Soto,ipatterson@example.org,@justincarson,True
999,503,Thomas Daniels,gonzaleztimothy@example.com,@matthewbright,False
1000,917,Pamela Berg,brittany17@example.org,@jose11,True
