id,name,email,twitter,active
1,Hester-Cline,lawrencelauren@bradley.com,@plcjeremiahhurley,True
2,"Williams, Miller and Reyes",troy62@white.net,@ltdchavezjoshua,False
3,Clements Ltd,dustin97@mcgrath.com,@llcjeffery48,True
4,Nelson-Potter,henrydylan@webb-leon.com,@llcalbertcampbell,True
5,"Ford, Gonzalez and White",shawn26@houston.com,@incxroberts,False
6,"Roman, Scott and Oconnor",leemichelle@stephens.org,@ltdntaylor,False
7,Thompson-Lee,ronaldgarcia@wright-brown.biz,@inclkelly,False
8,Lynch PLC,ana80@park.com,@llctaylor69,False
9,"Swanson, Harris and Holmes",ryan62@hall-smith.info,@groupebonyscott,True
10,Brown Ltd,nicolelee@petersen-ross.com,@groupwporter,True
11,"Cox, White and Johnson",nicolehall@martin.com,@incsmithmelissa,False
12,Powell-Donaldson,elizabeth75@rosales.com,@plcbradleyjohnson,True
13,"Doyle, Warren and Roberson",manuelburnett@thomas.biz,@llckathy35,True
14,James-Bond,jennifer52@thompson.org,@incpwilson,True
15,"Fitzpatrick, Olson and Harrell",derek11@larson-rush.net,@plcwrightmatthew,True
16,"Martinez, Rogers and Stephens",steve91@simmons.org,@plcdeborah69,True
17,"Davis, Richardson and Sutton",birdryan@hernandez.com,@groupphillipsderek,False
18,"Maldonado, Gonzalez and Rubio",jennifer86@gibbs.com,@and_sonsjuliehayes,False
19,Bauer Inc,amartin@moore.com,@ltdtimothy50,False
20,"Willis, Kim and Weaver",cheryl99@manning.biz,@groupyjones,True
21,Carrillo-Peck,ryanjoshua@hall.info,@and_sonsguerrerochristopher,True
22,"Gonzalez, Cohen and Gilbert",madeline64@lindsey.com,@groupjackie83,True
23,Parker Ltd,dwallace@horton.com,@llcjohnnyedwards,True
24,Allen PLC,anthonythompson@phillips.biz,@groupjonesrobert,True
25,"Day, Fuller and Sweeney",sydney17@dean.com,@plcdavisjennifer,False
26,"Sanchez, Baker and Galvan",joseph56@long.com,@plccopelandchristopher,True
27,Livingston-Jimenez,muellerjennifer@herrera.com,@groupharperdominique,False
28,Medina-Cook,andrew64@hanson.org,@llckellygina,True
29,Benson-Warren,susanrobinson@meyer-perez.biz,@groupleonard63,True
30,Garcia and Sons,rodneysmith@clark.com,@and_sonswhiterobert,True
31,Miller-Caldwell,dianakerr@white.com,@inctimothy42,True
32,"Kline, Glover and Rogers",rrodriguez@andrews.com,@llcamy18,True
33,Foster-Blake,slutz@ochoa-ellison.com,@plcnicole60,False
34,Clark LLC,victoriawest@mccullough-melton.com,@llcsanchezalison,True
35,Jones and Sons,vickivance@sanchez-khan.com,@incjhall,False
36,Vasquez Inc,jessicacole@cole.com,@llcelizabethtownsend,True
37,Olson-Williams,yhughes@torres.info,@groupfitzgeraldpatricia,True
38,Evans-Barnes,inguyen@harrington.com,@plcydunlap,True
39,Allen-Salazar,tim54@ruiz-romero.com,@llcmariaramos,True
40,"Bryant, Lee and Martin",mbowen@lawson-murray.com,@inccassandracampbell,False
41,Gonzales and Sons,gcruz@cook.biz,@groupsteve43,True
42,Duncan-Pierce,tyler86@villegas-brown.com,@and_sonskatherineriley,False
43,"Wolfe, Wilson and Lee",dianatapia@edwards.com,@and_sonswsmith,False
44,Griffith Ltd,mario22@norton.com,@inccohenalice,False
45,"Lopez, Hernandez and Hill",greenekayla@padilla.com,@groupjonathan76,True
46,Crawford LLC,robertomora@baker-baker.info,@and_sonskyle30,False
47,Sellers-Williams,jperez@miller.com,@groupssanchez,False
48,Stone-Garcia,jacklloyd@johnson.com,@llcsandra47,True
49,"Wilcox, Parker and Martinez",kimberlysalinas@pollard.com,@groupsheena01,True
50,Delgado Ltd,sarroyo@patrick.biz,@llcshahcurtis,False
51,"Williams, Harper and Olson",trusso@wong.info,@inckristy81,False
52,Robinson-Turner,christopher03@chandler.com,@ltdhansonwilliam,True
53,Jones-Jenkins,sarahlucero@robinson.net,@incjacquelinenielsen,True
54,Hall Group,mcclurelaura@pacheco.net,@llcthomasking,False
55,Davidson Group,cwatts@haney.com,@and_sonsreesekenneth,True
56,"Bradley, Hutchinson and Galloway",phillip56@hayes.com,@grouphollandjenny,False
57,"Stewart, Martinez and Harmon",jennifer84@wyatt.com,@and_sonschristopherparker,True
58,"Watson, Wagner and West",efranklin@baker-zamora.net,@groupmsmith,True
59,Moreno Ltd,micheleritter@banks.com,@incstephenmoreno,False
60,Macias-Mckinney,whitebarbara@hall.info,@plcgthompson,False
61,"Vaughn, Wise and Singleton",griffincharles@singh-jones.com,@llcjennifer43,False
62,West and Sons,danderson@smith-calderon.biz,@ltddanielle59,True
63,Levy and Sons,wilsonlisa@costa-meadows.info,@and_sonsjeffreyvance,True
64,"Sanders, Wilson and Lewis",amorgan@bennett-schultz.com,@groupjohngonzales,False
65,Garrison Ltd,don69@schmitt.com,@plcxvargas,True
66,Allen and Sons,michelle54@clark-martin.com,@incmgill,False
67,Hughes LLC,david46@horton-kirk.com,@groupzayala,False
68,"Gonzales, Flores and Villegas",andrew26@hughes-powell.com,@ltdwmelendez,False
69,"Johnson, Wong and Peterson",taylor83@campos.net,@llcscottperry,True
70,Valentine-Davis,michael51@hammond-brown.com,@incbrettjohnston,True
71,Yang-Ward,smithjohn@fox-hamilton.com,@groupeflores,False
72,Warner-Smith,michael93@anderson.info,@plchmiller,True
73,Schultz-Cruz,fbeck@yates-russell.info,@ltdrachel96,True
74,Juarez-Brown,susanjacobson@evans-thomas.info,@and_sonsreynoldsjason,True
75,Gonzales Ltd,gskinner@chambers.com,@groupwclayton,True
76,"Gibson, Anderson and Smith",popechristopher@spence.com,@ltdgutierrezbethany,False
77,"Foster, Floyd and Wright",suttonperry@ward.info,@ltdstephensmonica,False
78,Reed PLC,hayesadrian@palmer.org,@plcdebrastewart,True
79,Valencia Inc,michael26@garcia.net,@plcjasmineholder,True
80,Kramer-Robinson,charlesrobertson@williams-green.com,@groupbarbaracarter,True
81,Huffman-Fowler,morganashley@duke.com,@incnelsonmatthew,True
82,Ramirez PLC,alejandro74@contreras.com,@ltdtimothylin,False
83,"Jones, Andrews and Santana",kellymullen@hill.com,@and_sonsangel28,False
84,Butler-Wagner,omooney@waters-marquez.org,@and_sonsfred66,True
85,Harris LLC,toddday@duke.net,@ltddaniel96,True
86,"Stewart, Wagner and Stevens",crystalwillis@johnson-yoder.info,@ltdrodney77,True
87,"Wilson, Rose and Wolf",valentinesherri@norton.com,@groupmooregreg,True
88,"Crawford, Gardner and Parker",schapman@ramos.info,@inchillchristina,False
89,"Young, Nguyen and Willis",nealalexandra@smith-rodriguez.biz,@llcbecky17,False
90,Martinez-Carter,aroach@collins.com,@incbrownchristopher,True
91,Long-Kelly,ubrown@adams-daniels.org,@llcelizabeth99,True
92,"Jones, Atkins and Mclean",rebeccamunoz@coffey.net,@llcabigail21,False
93,"Ross, Black and Johnson",patelmark@hernandez.com,@groupfolson,False
94,"Clark, Miles and Vasquez",melissa56@clark.org,@plcjharrison,False
95,Meza-Forbes,lynn07@hunt.com,@and_sonsgonzalessarah,False
96,"Gardner, Stephens and Williams",esandoval@howell-hardy.info,@groupmeganvargas,True
97,"Chapman, Webb and Wilson",herringkevin@stone.net,@plcmercedes12,True
98,"Clements, Robinson and Snyder",alvarezchristopher@lin-white.com,@and_sonslori20,False
99,Myers Ltd,iwilson@ballard.info,@incsmithjeffrey,True
100,"Mcdaniel, Rodriguez and Bird",nguyencharles@williams.com,@groupcreilly,False
101,Ochoa PLC,tina94@murphy.com,@plcrnunez,True
102,Sims-Washington,roysellers@fisher.biz,@plcsteven60,True
103,"Miles, Garner and Jennings",jamessabrina@day-peterson.net,@groupcristianhawkins,True
104,Banks-Willis,david59@stewart-griffith.com,@and_sonsguzmanstephanie,True
105,Ruiz-Cooper,michelle94@holmes.com,@plcwardbrandon,True
106,Stewart LLC,eric88@thomas.org,@llckstevens,True
107,"Gonzalez, Richardson and Thomas",omorales@martinez.org,@llcleedwayne,True
108,Graves Ltd,jasonsmith@lee.com,@llcfigueroabrianna,False
109,Barry-Park,shawangela@gonzales.com,@and_sonsbrittanybell,False
110,Thornton Group,williamneal@espinoza.com,@incwilsontracy,True
111,"Sullivan, Graham and Collins",ule@wheeler-brown.com,@incgwolfe,True
112,Hamilton Ltd,jerryhorton@castillo-murphy.com,@llcstephendavies,True
113,Greene and Sons,cheryl49@oneill.biz,@plcdonna83,False
114,Hughes and Sons,zhodges@sanders.com,@ltdsusan80,False
115,"Stone, Lewis and Stewart",vlopez@quinn.com,@and_sonsliumark,False
116,Sims and Sons,gilesalexander@moore.com,@groupnicholasbooth,False
117,Whitney-Lawrence,burtondrew@franklin.org,@groupbarbara89,False
118,"Jackson, Best and Pratt",david83@garcia.com,@incannaharris,False
119,Guerrero-Hatfield,jenniferadams@glover-turner.com,@plcbrianjensen,False
120,"Morrison, White and Neal",kbrown@duncan-king.org,@incjeremysullivan,True
121,"Roth, Torres and Fernandez",qblair@greene.net,@plcchris60,False
122,May-Murphy,guerrajeffery@silva-gibson.com,@llckevin36,True
123,Shelton Ltd,gonzalezjennifer@hernandez.com,@and_sonstheresa32,False
124,Lawrence-Wallace,wramirez@freeman-kramer.com,@and_sonsbryan06,True
125,Jensen Group,foxjessica@thornton.com,@incychan,False
126,Mitchell-Lara,nmatthews@waller-rose.com,@and_sonsyolandarichardson,True
127,Oconnor LLC,lopezstephen@sawyer.com,@inctaylordrew,False
128,Martinez-Lam,ryanmartinez@thompson-foster.biz,@groupdgraham,True
129,Sanchez-Berry,elizabethcook@dean.net,@ltdrichardhunter,True
130,Pennington Inc,paulharris@perez.org,@plcjamie91,True
131,"Mendez, Green and Estrada",cramsey@griffin.com,@groupsmithmegan,True
132,Bird-Scott,perezsabrina@hunt.com,@llcerikahill,False
133,Nichols PLC,zcook@hodge.com,@incjreid,True
134,Fletcher-Walker,heathsandra@robbins.net,@incgarciachristine,False
135,"Brooks, Johns and Gonzalez",roachcarlos@young.com,@and_sonsjasminesmith,False
136,"Johnson, Santiago and Simmons",emorris@shelton.org,@llcramseyangela,False
137,Castillo Inc,kendrawang@soto.biz,@groupanthony93,True
138,Hines-Smith,lisadavis@mathis.com,@llcgriffithwilliam,True
139,Watkins and Sons,ffoley@davis.com,@llcbrooksbetty,False
140,Bridges-Mullins,charles08@cabrera-jones.net,@llcchristinacole,True
141,Burgess LLC,michael31@murphy.net,@llclaura29,True
142,Tate-Gomez,nrivera@wagner.com,@llcbrandy95,False
143,Taylor-Nelson,fgallegos@ortiz.net,@groupqwright,True
144,Lynn Group,shafferdavid@hudson-meyer.info,@plcsmccoy,True
145,Oliver Ltd,elizabeth83@jackson.com,@llcmichellemorris,True
146,"Woods, Watson and Fisher",kristenlucero@watkins.com,@llclaurendiaz,True
147,"Owen, Becker and Patrick",peterharding@bailey.com,@llcbrianna32,False
148,Rogers LLC,robertjohnson@ortiz.com,@ltdvasquezkim,False
149,Campbell-Davis,christopher41@dunn.com,@groupjameswilkinson,True
150,Anderson PLC,qmitchell@owen-velez.com,@llctwest,False
151,Stewart Ltd,kristenthornton@summers.com,@groupchristopher38,False
152,Miller-Morse,emcbride@mckay.net,@incmelanie73,False
153,"Lee, Lopez and Wright",opalmer@adkins-cervantes.org,@inckristinduarte,False
154,Smith and Sons,johnsonkevin@coleman.com,@groupgarciakristen,True
155,Velasquez-Sharp,bowersjohn@lopez.com,@ltddonald24,True
156,Evans LLC,mark15@robinson.org,@and_sonsrobertwalker,True
157,Kramer LLC,marissa55@armstrong-hobbs.com,@ltddjohnson,False
158,Mitchell PLC,antoniofitzpatrick@buckley.org,@groupshelly21,True
159,Burke LLC,erichuang@terry.com,@llcadamwilliams,False
160,Taylor-Rangel,christopher05@wright.com,@increidcrystal,False
161,Rivera-Pineda,mjackson@rodriguez.com,@plcoliverlaura,True
162,"Taylor, Hines and Carlson",btaylor@villegas.com,@inclori96,True
163,Nguyen-Hicks,jamesaaron@simon.com,@groupkmacias,True
164,Brown-Barrera,jonathan77@thomas.net,@plcheidi53,False
165,Navarro-Owens,hjohnson@kelley.com,@groupmichellediaz,False
166,Franklin-Larson,michaelhall@holland-horton.com,@plcbenjamin23,False
167,Higgins-Lloyd,richard52@roth.net,@plctara09,True
168,"Reed, Stafford and Maxwell",jenniferespinoza@bolton.com,@groupnealstacy,True
169,Leon-Christensen,xcastro@keller.biz,@and_sonsjclayton,False
170,Smith-Price,sharpdavid@richards.biz,@llcpamelashepherd,False
171,"James, Hale and Gross",qcollier@roach.info,@ltdlori85,False
172,"Vargas, Jones and Smith",iashley@bruce.com,@incsarah99,False
173,"Barnett, Lam and Lynn",franklinkayla@george.com,@incmcantrell,True
174,Wright-Hall,thomas18@mccormick.com,@ltdcherylgoodwin,False
175,Richard PLC,heatherbaxter@thompson-martinez.com,@plchnelson,False
176,"Frank, Griffith and Shannon",robertbenitez@greene.info,@grouppalmerangela,True
177,Gonzalez Ltd,bowmanelizabeth@harrison.info,@ltdkimberlyharris,True
178,Duran-Green,whitemichael@cabrera-adams.com,@and_sonsamylowe,False
179,"Wright, Moon and Mcmahon",ubutler@cooper.org,@llcangelfrench,False
180,Ross and Sons,breed@carroll.net,@plctdavis,True
181,"Spence, Garcia and Wade",christopherlambert@ross.com,@plcclowery,True
182,"Gutierrez, Wyatt and Harvey",walterwilliams@kim-mitchell.com,@and_sonsruizjose,True
183,Dominguez Group,twhite@wilkinson.com,@incthomasrandall,True
184,Mccarty-Lloyd,kim15@colon.com,@and_sonstamiallen,False
185,Rose Group,brandtangela@mason.net,@plcterrence81,False
186,"Bishop, Velazquez and Abbott",adavis@higgins-decker.info,@plcshaunguzman,False
187,Mcconnell-Thomas,wsimmons@walsh-sullivan.com,@plctoddmunoz,True
188,Copeland Inc,cheryl17@davis.biz,@ltdmatthewcompton,False
189,Massey Group,rollinseric@casey-kelly.net,@ltdkerrerin,False
190,Holmes-Salazar,grantelizabeth@barnett.org,@inchuffchase,False
191,Hartman Group,mandybrady@wiggins.com,@llccoreyanderson,True
192,Schwartz-Thomas,jharmon@roberts.com,@llcanitamcbride,True
193,Moran-Hunt,kelseyconner@santos-hardy.com,@plcdkline,True
194,Padilla-Richardson,shelly70@aguilar-johnson.com,@ltdchristine38,True
195,Thomas Inc,daniel90@martin-smith.info,@plcrogersdebra,False
196,"Weaver, Smith and Horton",rachelmathis@berger.info,@groupabarnes,True
197,Porter-Bailey,melissajohnson@hoover.com,@groupvmcpherson,True
198,Simon Ltd,qramos@ramirez-grant.com,@and_sonssfrench,False
199,Roberts-Francis,vbeard@armstrong.net,@and_sonsreeddennis,False
200,Bowman-George,simpsonkeith@mcgrath.com,@llcewilson,True
201,"Guerrero, Hooper and Fry",martinezchristopher@mendez.net,@llctonya56,True
202,"Sellers, Schroeder and Williams",lambertkatie@murray.com,@incchadhoward,False
203,"Wilson, Hood and Atkinson",romanpatricia@harvey.com,@plczchavez,True
204,Wilson-Waters,mdillon@hill.info,@incbrentmartinez,False
205,Rojas Group,lloyddavid@adkins.info,@and_sonsparkerholly,True
206,Griffin Group,kara51@jones-gray.com,@and_sonsshelia35,False
207,Clark-Hicks,russellmoore@rodriguez.com,@groupyjordan,False
208,"Haney, Smith and Walker",chadbrown@hendricks-freeman.com,@and_sonsgrimesrodney,False
209,Johnson-Long,daltonhendrix@anderson-sosa.org,@groupgeorge75,True
210,Lewis Ltd,rwilliams@howard.com,@grouppbaker,True
211,Baldwin and Sons,john82@noble-adams.net,@ltdigutierrez,False
212,Martinez-Vang,meghantaylor@li-sharp.com,@ltdmejiajenna,False
213,Chapman LLC,jonessean@ware.info,@ltdbill25,False
214,Lewis-Matthews,gonzalezandrew@perry.com,@plccartersarah,True
215,Brown-Anthony,gardnertodd@wells.com,@groupriosgary,True
216,Osborne LLC,roserobert@miller-holden.net,@and_sonsgfischer,True
217,"Short, Smith and Rodriguez",newmanangela@simpson-bennett.com,@and_sonssergiocollins,True
218,Munoz-Clark,suarezmatthew@newman-wilkinson.net,@llcshaun77,False
219,"Brown, Garcia and Shea",sarawarner@charles.biz,@and_sonsdsmith,True
220,Simmons PLC,jessica91@duke.com,@plcxarroyo,False
221,"Lopez, Davis and Owens",brobbins@cobb-salazar.net,@groupgrantjamie,False
222,"Duran, Carroll and Moore",williamsjulian@sanchez-roman.com,@plcvillegassteven,True
223,Weaver-Hamilton,rpage@montes.info,@and_sonspatrick87,False
224,Smith Group,laurenlynn@peters-walker.org,@llcmelissajones,True
225,"Bowers, Roy and Murphy",nancyhoward@reed.com,@groupdfrancis,False
226,Melendez and Sons,anita95@miranda-greene.com,@and_sonsbrooksrobert,True
227,Webb-Cooke,matthew42@ray.net,@groupwchan,False
228,Rogers-Hill,goodmanemily@thompson.com,@and_sonserincastro,False
229,Brown Inc,trujillorobert@sims.com,@llcnixonroger,True
230,Vaughn-Morales,sharon72@green.info,@ltdxglover,False
231,"Pierce, Barrett and Miller",jennifer04@shelton-ball.com,@incalirachel,False
232,Williams Inc,susanharris@bradford.info,@llcangelica33,False
233,"Thompson, Hernandez and Powell",marcus27@oneal.com,@ltdrobert45,True
234,Hall and Sons,johnny40@garcia.net,@incjulianorman,False
235,"Wilson, Cox and Brown",hlopez@kane.com,@groupobenjamin,False
236,Reynolds and Sons,angelarice@shah.net,@grouplauren10,False
237,"Acevedo, Thompson and Norris",robinespinoza@stephens-davis.com,@incwzimmerman,False
238,"Nicholson, Pena and Floyd",karenatkins@rice-lee.biz,@incambersmith,False
239,Frank and Sons,drogers@jones.net,@and_sonsgrodriguez,True
240,"Hall, Martin and Daniel",banksgarrett@smith.com,@incjohntaylor,True
241,"Morris, Allen and Hutchinson",tchandler@steele.com,@groupbcox,True
242,Graham-Kerr,wilsondebra@reyes-ramirez.com,@plccprice,False
243,Le-Hamilton,williamsashley@adams.com,@inclatoya05,False
244,Harper-Dominguez,tracy48@french.org,@ltdsharon78,False
245,Reynolds-Rojas,carlthompson@hogan.com,@and_sonsjasonlam,False
246,"Noble, Cooper and Sutton",richard51@fleming-patel.biz,@llchernandezmarcus,False
247,"Alexander, Holland and Li",zacharykramer@obrien.com,@llcjenniferwilson,False
248,"Burke, Washington and Warren",kathleensmith@ramirez.biz,@llctina63,False
249,"Campbell, Hernandez and Mason",hmoore@jones-morris.com,@and_sonsjoneskelly,False
250,Jackson Group,monica36@burns.com,@and_sonsdickersonjacob,False
251,Graham PLC,andersoneric@brown.net,@incmcdonaldaaron,False
252,Bryant and Sons,qowens@taylor.com,@and_sonstylerpatrick,False
253,"Pruitt, Copeland and Thompson",sheila32@andrade.com,@incbenjaminwest,True
254,"Robbins, Tucker and Mitchell",cowens@johnson-johnson.biz,@and_sonswebsterbenjamin,False
255,Smith Inc,steven64@johnson.com,@and_sonsbrandon70,True
256,Lewis-Todd,scunningham@parker.com,@ltdkayla14,True
257,Black Ltd,timothymann@holmes.com,@plcpamelacardenas,False
258,Frazier Ltd,rrasmussen@singh-huffman.biz,@and_sonsbcarlson,True
259,Snyder-Moreno,meganjones@bell.com,@plcjermaine82,True
260,Sweeney-Hall,andrewgarza@sullivan.biz,@llccarsonchelsea,True
261,Sherman Inc,scottrodriguez@cline.com,@incmrusso,False
262,Kennedy-Lopez,butlerkyle@woodard-moreno.com,@llcdukemelissa,True
263,"Hughes, Gross and Martinez",sbrown@clark.com,@plcjohngarcia,False
264,"Clark, Sandoval and Joseph",kim51@frost.biz,@groupnorrisnicole,False
265,Rice-Phillips,jasonmurphy@meza-johnson.info,@plclynchkathleen,True
266,Lopez-Deleon,jodykim@phillips.info,@llctonyahogan,True
267,Castillo Ltd,deleonnathan@ramirez.info,@and_sonsmedinajared,False
268,Scott-Hubbard,fwelch@beck.com,@and_sonsbromero,True
269,"Moore, Garza and Barrett",ediaz@mitchell.net,@and_sonsmadisonsharp,True
270,Martinez-Garner,trancharles@beard.com,@and_sonsmichaeltaylor,False
271,"Williams, Turner and Lam",cbarnes@williams.net,@ltdogamble,True
272,Collins LLC,cheryl20@good.com,@plcsmithnicole,True
273,Turner-Parker,taylorphilip@weeks-lopez.net,@ltdallenfranklin,False
274,Mendoza-Baker,spencer05@lopez.biz,@groupfrankmcdonald,True
275,Gonzalez-Ramirez,riceshelly@brady.net,@and_sonskenneth78,True
276,"Williams, Anderson and Harris",brian54@silva-holt.biz,@inckaylawright,True
277,Blake-Richardson,deborah79@farrell.org,@plcqsullivan,True
278,"Roberts, Gallegos and Smith",lisa53@hartman.com,@grouppatrick70,False
279,Riley Inc,qnguyen@griffin.com,@plctylerjohnson,False
280,Nguyen Ltd,michaelmurphy@smith-poole.com,@llcchadbowman,True
281,"Nguyen, Sullivan and Schroeder",lwilliams@pope.com,@plcburnskimberly,True
282,Sanchez Group,xcohen@parker.org,@llcrobertsbrian,True
283,Cooke and Sons,campbellbryan@dodson.com,@and_sonsmelissa31,True
284,Sanchez-Clark,michael89@branch-hernandez.com,@llcthomasfrank,False
285,Nguyen Group,uortega@higgins-hamilton.com,@groupdavidlopez,False
286,"Chen, Young and Vaughn",andreajordan@jones-wilson.com,@groupkimandrew,False
287,"Wilkins, Johnson and Mclaughlin",vthomas@porter-parker.com,@grouplindsey43,False
288,Martinez and Sons,adamfletcher@crawford.info,@plcjeffreyjames,False
289,Singh-Williams,zsmith@scott.com,@and_sonsrogerspaul,False
290,"May, Mcpherson and Barrett",bruce54@coleman.com,@incjuliestout,True
291,Knapp-Edwards,manningdarren@farmer.org,@ltddaycharles,True
292,"Boyd, Ryan and Santos",joneskevin@lewis.com,@llccindy47,True
293,"Moore, Johnson and Nelson",jason03@rodriguez.net,@groupjennifer27,False
294,Jones and Sons,iwilson@miller.com,@llcclarkejeffrey,True
295,Benton Inc,kevinalvarado@wright.com,@llcsherripotts,True
296,Smith-Gonzalez,plynn@peterson-nelson.com,@and_sonsrachelwilliamson,False
297,Miller and Sons,samanthabrown@jones.com,@and_sonslisagreene,True
298,Baxter and Sons,barbara82@williams-dunlap.com,@groupkristen67,True
299,Tucker Inc,sanfordmatthew@robinson.com,@and_sonscolemancarol,False
300,Gay-Koch,uperez@swanson-fuentes.com,@plcmary10,True
301,Johnson-Black,solisjudy@benson-ruiz.info,@and_sonsorichards,True
302,"Hernandez, Boyer and Rodriguez",seanwalker@thomas.org,@and_sonsimcguire,False
303,Le PLC,ffreeman@lopez-scott.info,@plcvburnett,False
304,Coleman-Jones,hpreston@cooley.info,@groupbarnesmichelle,True
305,Short PLC,ycamacho@griffin.com,@and_sonslukegolden,False
306,Johnson Group,pameladawson@fisher.info,@ltdthompsonjoshua,True
307,Jensen-Griffin,myersrichard@schwartz.com,@inchaley56,False
308,Taylor-Mcdonald,icortez@ewing.com,@llccopelandmonica,False
309,Murray-Travis,thomastimothy@rice.net,@incchristinecollins,False
310,Mendez and Sons,brendajackson@santiago.org,@incerin46,True
311,Steele PLC,sonya05@terry.com,@groupsmithkristen,True
312,Mitchell-Fuller,christinemurphy@hardin-smith.com,@inckhuffman,True
313,Evans Group,jesuskennedy@knight-anderson.org,@incchristophersmith,False
314,"Wilson, Taylor and Moore",travisphillips@lara-arroyo.net,@grouphenryperez,True
315,"Gilbert, Brown and Lee",wheelercarolyn@green-mcgrath.com,@llcegibson,True
316,Vazquez-Foster,claytonapril@good-duffy.org,@and_sonskhall,False
317,"Brewer, Burke and Browning",sotojoshua@jones.com,@llcdavistina,True
318,"Shields, Garner and Martin",chasecraig@rhodes.net,@ltddominiquebarber,False
319,Williams-Scott,pricemichelle@garcia-lowe.com,@llccrystal81,False
320,Silva-Williams,ivilla@oconnor.com,@groupwjenkins,True
321,Price PLC,riverakerri@brown.com,@ltdkmartin,False
322,Brown-Fowler,evan81@barry.com,@llcmarissahurst,True
323,Carroll-Smith,jasonjohnson@gordon.com,@plcjohnkelly,True
324,Wagner PLC,sanchezbrandon@cervantes.org,@ltdronald37,True
325,Stein-Thomas,brandon65@kirk.info,@plczlang,True
326,Edwards PLC,jamie92@miller.com,@groupsmithjanice,False
327,"Cardenas, Ramirez and Montoya",esullivan@johnson.com,@llcxaviersanchez,False
328,Freeman-Keith,ecampbell@taylor.com,@ltdmartinbrad,False
329,Jackson-Scott,phillip09@hayes-leach.com,@incycarpenter,True
330,Pierce and Sons,thomasjohn@silva.com,@and_sonsvalerie21,False
331,"Murray, Moreno and Perez",oevans@smith.biz,@llclrobertson,False
332,Garcia-Elliott,christinemccoy@martin.com,@incjameswheeler,True
333,Smith PLC,webbchristopher@patel.biz,@ltdjennifer82,False
334,Nichols and Sons,richard68@gonzales.com,@ltdhmorales,False
335,Becker-Combs,scottlauren@simpson.com,@ltddavid88,False
336,Quinn and Sons,barryflynn@clark.info,@groupmadams,False
337,"Skinner, Dennis and Smith",alejandrojackson@chapman.info,@groupgvance,False
338,Weaver-Kelley,janet99@reynolds-wang.com,@groupzgrant,False
339,"Foster, Smith and Michael",kennethvelasquez@wright-miller.org,@and_sonshdurham,False
340,"Fritz, Jones and Pruitt",lisa56@anthony-lopez.com,@and_sonswalkertonya,True
341,Harris PLC,whernandez@bailey.com,@llcjamesgallegos,False
342,"Flores, Davis and Montes",boyerian@wells.biz,@llccraig59,True
343,Davis Ltd,adkinsjonathan@allen-romero.com,@ltdroymurray,False
344,Reyes-Hughes,timothy26@frazier.info,@ltdperry86,True
345,Serrano and Sons,xgarcia@castro.biz,@incrobinsonmatthew,True
346,Gates LLC,kevin10@griffith.com,@ltdheidierickson,True
347,Calderon LLC,lcollins@johnson.com,@plcamanda95,True
348,White PLC,woodjeanette@arnold-bowman.info,@and_sonsriverajennifer,False
349,Park Inc,bmoore@kelly.com,@plcjoshuaburgess,False
350,Holmes-Bowman,michael95@cline-brown.com,@plcjohnsonsandra,False
351,Carr-Mack,steven39@gilbert.com,@plcmegananderson,True
352,Carpenter and Sons,adamtaylor@mccoy.com,@plcbrooksjodi,True
353,Barton-Wells,david72@holloway.org,@llcwandrews,False
354,Gilbert-Nelson,leeerik@henderson-jones.info,@plchancockchad,True
355,Adams-Kemp,tiffany43@davidson.net,@incbatesvalerie,False
356,Duran Group,smithheather@savage.com,@ltdberrymatthew,False
357,West-Adams,stoutmichael@moore-rodriguez.info,@incracheldowns,False
358,Jones-Smith,rramirez@mcguire-gibson.com,@llckurtwise,True
359,James-Weber,floresjennifer@dean-murphy.biz,@llcnthompson,False
360,"Callahan, Mueller and Alvarez",mitchell91@rollins-chavez.com,@llcjmolina,False
361,Lopez-Bailey,vnorton@coleman.org,@and_sonshortonjason,True
362,"Rodriguez, Ross and Horton",alicia48@williams.com,@llcparkerbetty,True
363,"Singleton, Hernandez and Hill",wjohnson@bell.com,@plcelizabeth31,True
364,Olson-Leblanc,toddaguilar@hughes.biz,@llcdonaldcastillo,True
365,"Ramsey, Gutierrez and Douglas",laurentownsend@cabrera.com,@llckvaughn,True
366,Johnson PLC,misty32@shaw-ingram.org,@plckayla33,True
367,"Garza, Day and Hart",ericshelton@reed.com,@groupqreyes,False
368,Johnson-Harvey,tspencer@smith-robinson.com,@ltdjacob55,True
369,"Harris, Sanford and Rosario",allisonhudson@edwards.biz,@ltdnatalie42,False
370,Chung LLC,pjordan@mckinney.biz,@and_sonstannerbailey,True
371,Sandoval LLC,qmiller@faulkner.com,@llcsarah43,False
372,Myers-Mccall,jenkinsjeffrey@jones.biz,@incdonaldmosley,False
373,Miller-Jackson,rebeccasmith@hill.com,@ltdzachary99,False
374,Brooks-Bright,hbarajas@lewis-nelson.net,@and_sonshermanrandy,False
375,Smith Ltd,tflores@rose-strong.com,@llcbrewertyler,False
376,Dougherty LLC,waltonbrandon@santana-dixon.com,@incbrandongay,False
377,Rhodes-Woods,meganmullins@perez.com,@and_sonsphodge,False
378,"Richards, Martin and Davis",morgan22@freeman-green.biz,@ltdsamanthastanton,True
379,"Riley, Martin and Nelson",cynthia28@nunez.com,@grouplpage,False
380,Perez PLC,jeffersonkelly@erickson.com,@incashleysmith,False
381,Hughes LLC,jenny21@thomas.com,@plcanthony02,False
382,"Anderson, Harris and Hunter",josephhoward@taylor.com,@and_sonsdonald31,False
383,Thomas-Ferguson,anthony48@torres-perkins.com,@grouprvaughan,False
384,"Chaney, Mcneil and Reyes",kmoore@arnold.info,@llcbstewart,False
385,Morgan Group,josephkelley@blake-valdez.com,@ltdschroederjoel,False
386,Baldwin Group,donnavalentine@wilson-torres.info,@ltdwilkinswesley,False
387,Alexander-Brown,patrick05@raymond.com,@plcbrownmichael,True
388,Hamilton PLC,amandaross@hawkins-graham.com,@ltdspencerdavid,True
389,Smith PLC,michelle40@crane-stephenson.org,@plcmossjill,False
390,Thompson Inc,teresabrown@sellers.info,@groupshannon92,True
391,Gibson and Sons,kathryn27@williams.com,@plccgray,True
392,"Mcdonald, Jackson and Reyes",montgomeryalyssa@ramirez.net,@plcmeghan00,False
393,Acosta LLC,gail66@young.com,@plcsheaabigail,True
394,Nolan Ltd,ukelly@melton.com,@incjohnsmary,False
395,"Nash, Griffin and Farrell",umitchell@ford.com,@and_sonsgarciavalerie,True
396,"Nguyen, Rogers and Fernandez",juliaduncan@cohen-ramos.com,@ltdrenee66,True
397,Castillo PLC,alexanderbates@hopkins.net,@llcjohnsontonya,True
398,Williams-Mcdonald,zstone@wiley.com,@and_sonssuzanne83,False
399,Myers-Patterson,andrew37@harrison.org,@grouparivas,True
400,"Edwards, Wheeler and Bell",bryce65@huynh.com,@plcanthonysanchez,False
401,Anderson Inc,mario59@calhoun-martinez.net,@incolsongregory,False
402,Yang Group,djimenez@burns.com,@inclallison,True
403,Horton-Goodwin,pcunningham@phillips-grant.info,@ltdspham,False
404,"Phillips, Robinson and Pineda",klawrence@marshall.info,@groupvmann,False
405,"Andrade, Levy and Calhoun",lking@rivas.net,@groupchristopherduke,False
406,Robertson-Blair,prush@miller.biz,@ltdkellerbrittany,True
407,Valdez-Smith,courtneydavis@rubio.biz,@and_sonsuyang,True
408,Zamora LLC,smithlisa@wilson.org,@and_sonsssimon,True
409,Martin-Walters,james04@cooper.com,@llcmistywhite,True
410,York-Strickland,christopher84@jones.biz,@ltddavidchad,False
411,Jones-Carey,matthew90@gonzalez.org,@llcmcintoshkristen,True
412,Gordon-Meyers,littlenicole@chen.info,@groupsmcbride,False
413,"Campos, Hicks and Anderson",joseph40@johnson-martin.net,@plculittle,True
414,Peterson and Sons,jamieclarke@webb.info,@and_sonsfitzgeralddebbie,True
415,"Robinson, Lopez and Jones",chelseabass@young.net,@incjeremy13,False
416,Stevens and Sons,kristinfranklin@garcia.info,@ltddouglassalazar,False
417,"Roach, Jones and Sanders",burnsmelissa@mitchell.com,@incscottperkins,False
418,Sandoval PLC,jonathanjones@cruz.net,@incchadbutler,True
419,"Greer, Palmer and Mcbride",christopher68@jensen.com,@llcmartin63,True
420,"Ross, Rivera and Weaver",ithompson@jimenez.com,@plckelly52,False
421,Lang Ltd,deborah87@mcdaniel.org,@plcstephaniefernandez,False
422,Gray PLC,johnandrews@gonzalez-hill.com,@ltdharryramirez,True
423,Thompson Ltd,mariafields@carter.com,@plcjenniferthompson,True
424,"Schmidt, Lang and Dunlap",benjamin68@thompson.net,@llcaustinwalter,False
425,"Dickerson, Lyons and Austin",scott66@dominguez.com,@llcfishertiffany,True
426,Arnold-Barnes,marissa98@white.biz,@ltdarchertammy,True
427,Bernard Group,schneiderchristine@small.net,@plcstephaniedean,True
428,"Nicholson, House and Becker",salazaralicia@ross.info,@llcangela52,False
429,"Baker, Noble and Brown",awhite@martin.com,@llcrachel70,True
430,Contreras and Sons,john11@yoder.org,@and_sonscynthiaramirez,False
431,Hart and Sons,amanda00@holt.com,@plcanthonysmith,False
432,Martin-Martinez,jmiller@davis.biz,@ltdnicholaswilson,False
433,Waters-Tran,alisonboyle@taylor-edwards.info,@incsconner,True
434,Serrano Inc,raymond77@fox-bush.com,@grouplopezdavid,True
435,Holmes-Torres,shane35@henderson.info,@and_sonsdebrakramer,False
436,Davis Inc,lisa27@ward.net,@incangelavelazquez,False
437,"Phillips, Thompson and Newman",thomas09@rodriguez.com,@llcvictor19,False
438,Carr and Sons,christopherhaynes@fletcher-white.org,@plczreed,False
439,"Brown, Wilson and Hess",bwilkins@hamilton-wood.info,@incramseyamber,True
440,Perez-Lopez,fanderson@casey.com,@groupbrandonosborne,False
441,"Moyer, Lara and Jones",saguilar@montoya-dunlap.com,@and_sonszsmith,False
442,Mcconnell Group,longkyle@cunningham.info,@and_sonsjacqueline69,True
443,Rivera-Johnson,goodmanpatrick@bolton.net,@groupkelleyrebecca,True
444,Clark Ltd,ronniebarajas@pena.com,@and_sonsbarnesjames,True
445,Blair-Jackson,mccormickcrystal@price.com,@and_sonsmitchelldiana,False
446,"Lee, Ho and Thomas",jessica78@hines.com,@groupchristophermartinez,False
447,Mendoza Group,vbell@james.com,@and_sonsvaleriebarber,True
448,Dudley and Sons,elizabethdunn@dominguez.net,@inccookdavid,True
449,Jenkins and Sons,jamie42@rodriguez.info,@incmichaellee,True
450,"Stewart, Duke and Thomas",ruthbell@cohen-smith.org,@llcflorescraig,False
451,Davis-Avery,heather19@sexton-cook.net,@ltdhomichele,False
452,Cox Group,taylortiffany@mahoney.com,@and_sonsacooper,True
453,Solomon LLC,hjones@horn-moore.com,@llcricardo08,True
454,Jackson Ltd,brookejones@smith.info,@groupjenniferashley,True
455,"Smith, Castro and Burns",nicoleguzman@sullivan.info,@ltdujordan,True
456,Wood PLC,isaac20@curry-shelton.com,@incdjacobs,False
457,Montgomery LLC,douglasmcconnell@white-gutierrez.org,@plccarolyn97,True
458,"Johnson, Miller and Mcbride",autumn96@washington-ross.com,@groupjennifermiller,True
459,Jennings Ltd,kimberlyellison@watson.com,@grouppaul67,False
460,"Murphy, Perry and Torres",hesparza@howard.com,@ltdgdavis,True
461,"Douglas, Yang and Douglas",susancarey@gonzalez.net,@incbarajasmelissa,True
462,"Reid, Stewart and Bright",romeromaureen@brown-baker.com,@llctinadelgado,True
463,Marshall-Kirby,michaelwilliams@porter.com,@groupsmithchelsea,False
464,Turner-Robinson,palmerantonio@perkins.com,@llcbarnesjacob,True
465,Russell PLC,turneredward@barker-vazquez.com,@ltdlovesamantha,True
466,"Mclean, Sanford and Acevedo",vwilson@frank.biz,@groupcodywells,False
467,Valdez Inc,williamsonpatricia@villanueva-cooper.info,@ltdpmolina,False
468,Lopez-Brown,paula36@barnett.biz,@llcnicole38,True
469,Rose LLC,karinaalvarez@nguyen.com,@plctaylortrujillo,False
470,Crosby-Howell,dcross@bray-smith.com,@and_sonsdanielsjerry,False
471,Powers-Patton,emilycameron@gonzalez-fischer.com,@llcmorrisdaniel,True
472,"Parsons, Berry and Russell",hlara@reyes.org,@and_sonsjoseph94,False
473,Lopez-Garcia,jsingh@brown.org,@llcmunozmichelle,False
474,"Parks, Le and Mason",justin86@cabrera.org,@groupgchavez,True
475,"David, Soto and Levine",floresbryan@stewart-wilkerson.com,@ltdktorres,False
476,Hall Inc,christinecooper@huynh.com,@plcgibbsbrandon,False
477,Jenkins-Rodriguez,swansontimothy@wilson.net,@plctravisrose,False
478,Brooks-Parks,teresa86@tanner.com,@and_sonsdhopkins,False
479,Olson LLC,vfreeman@smith.net,@plchodgemaria,True
480,Evans-Smith,michelle87@daniels.info,@grouplongkelsey,False
481,Mason Group,adam81@pierce-david.biz,@ltdwilliambishop,False
482,Vazquez PLC,kevinweiss@phillips.org,@llcstephen65,False
483,"Wilson, Doyle and Delacruz",seth19@perez-parker.com,@plcevaneaton,True
484,Nelson and Sons,nkaufman@gentry.com,@llckathleenchang,False
485,Johnson-Martinez,amyharris@nguyen.org,@incchristiandeleon,True
486,Nixon-Mcgee,ginamoore@henderson-townsend.com,@ltdvbryant,True
487,"Simon, Wilson and Bullock",cpark@morton.com,@llcjohn44,True
488,Sexton-Alvarez,hugheskeith@jones.com,@groupvirginiaphillips,True
489,"Orr, Terrell and Baxter",bakerkrista@smith.com,@groupsean06,True
490,Young-Anderson,nhudson@nichols.info,@ltdanthony85,False
491,Logan LLC,arthur41@hanson.com,@llcrandy59,False
492,Alvarez PLC,gregory47@wells.com,@groupwlittle,False
493,Freeman Ltd,michaelpotter@vincent.net,@incjoel35,True
494,Carr Ltd,cameronfischer@allen.com,@plckayla80,False
495,"Ponce, Norton and Hughes",donna93@turner-rice.com,@and_sonsanthony14,True
496,Carpenter and Sons,cassandra92@simmons.info,@plcgrahamkimberly,False
497,Reeves Ltd,williammullins@chavez.biz,@groupgabrielcastillo,True
498,Hardin and Sons,suzanne38@bennett-zuniga.com,@groupbrandon48,True
499,Jenkins-Davis,lparker@hernandez.org,@llcegordon,False
500,Martinez Ltd,cassiebooker@dillon.org,@inclindsey40,True
501,Gibson-Marsh,vmiles@graves.com,@ltdedward75,False
502,Wilson PLC,cathy72@james-becker.org,@plclopezchristina,True
503,Franklin and Sons,tfernandez@murphy-harris.net,@incjake54,False
504,Moody-Fisher,silvalaura@stein.com,@grouplisabarnes,False
505,Powers-Potter,richmondmarcus@patterson.info,@incnicolejackson,True
506,Mcdowell Ltd,reevesdaniel@long.info,@llcheatherhall,False
507,"Trevino, Alexander and Todd",brett26@frazier-holt.com,@and_sonsheatheredwards,False
508,"Dickson, Phillips and Phillips",zwilliams@baker-edwards.com,@plcmatajamie,False
509,Foley-Allen,christopherbrown@hall.net,@incbelljessica,True
510,Meyer PLC,gregoryirwin@pruitt.com,@llcvictoria04,True
511,Silva and Sons,michaeltorres@alexander.com,@groupkimberlygonzales,False
512,Moore Ltd,rmclaughlin@salas-haley.com,@groupturnerbonnie,True
513,Clayton-Ortiz,michael65@mcbride-mcfarland.info,@and_sonsajordan,True
514,Mcintyre Ltd,davidvalencia@neal-reyes.biz,@and_sonsapriljoseph,False
515,Patel-Lee,hhammond@kramer.com,@plcchristophermartinez,False
516,"Taylor, Davis and Martinez",maureenolsen@anderson-williams.com,@inckimberlyroberts,True
517,"Ramirez, Peters and Fields",thomaskline@alvarez.com,@ltdtroy73,False
518,"Burton, Clarke and Lara",markmoore@martinez.com,@inckbarron,True
519,Weber-Webb,kathy62@hunt.com,@grouppaul60,False
520,Moore-King,anita40@berger-johnson.org,@plcicollier,True
521,"Mcdonald, Powell and Perez",asherman@hernandez-garcia.biz,@ltderoberts,False
522,"Flores, Anderson and Richards",gregoryrodriguez@lang-lucas.net,@ltdjessica64,True
523,Hart LLC,annemartin@townsend.biz,@incbcampbell,True
524,Duffy-Mcdonald,whitebruce@jackson-wright.com,@and_sonslisa44,True
525,Burton Ltd,leslie96@calhoun.org,@llcirodriguez,True
526,Quinn PLC,shannonperez@maxwell-ward.com,@ltdtaylorjennifer,False
527,Roth-Smith,jeffrey97@watkins.com,@incgoodmanronald,False
528,Lang Group,jenna95@rodriguez-oconnor.com,@llckevin89,False
529,Huynh-Carter,lauren56@bridges.biz,@and_sonsdiana77,False
530,Olson-Joseph,lfreeman@clements.com,@ltdluis70,False
531,Poole Group,mbarnes@rodriguez.com,@plcmichaelmoreno,False
532,Simmons LLC,alvaradojacob@christensen.info,@llcpatrick16,True
533,Garcia and Sons,brookegarcia@charles.com,@plcmillercody,True
534,Lewis PLC,pamela56@rodriguez.biz,@and_sonsgrimesjessica,True
535,Tucker-Fields,kelsey36@deleon.com,@grouprbates,True
536,"Romero, Harrison and Lloyd",kevin52@hudson-porter.com,@ltddaniellesummers,False
537,"Ali, Davis and Keith",shaynes@smith-adams.biz,@inctwilliams,False
538,Davis and Sons,peter87@wilson.com,@plcjoanne21,False
539,"Hernandez, Baldwin and Miller",pprice@riley.com,@incbriancunningham,True
540,Rodriguez Group,fsoto@perez.com,@incanthonyglover,False
541,Rojas-Lewis,emily46@nunez-long.com,@and_sonsdavid54,False
542,"Johnson, Bates and Larson",imartin@mann.info,@and_sonsreynoldsalexandra,False
543,Ingram-Peterson,logansutton@martin.com,@ltdelizabeth99,True
544,Ramos and Sons,wandabowman@buchanan.org,@plclrichardson,False
545,Arnold and Sons,yriggs@floyd.com,@grouppittsjamie,True
546,"Wilson, Cooper and Huff",sanchezkevin@davis-hartman.com,@and_sonsjacquelinecrawford,True
547,"Lee, Thomas and Barrett",winterschristopher@kemp-clark.com,@llcdiana29,False
548,Mitchell-Cobb,wbush@gonzalez.com,@llcshawn17,False
549,Taylor-Ramos,craigacosta@shaw-smith.com,@groupaliciawood,False
550,"Sanford, Beck and Calderon",rhodesjames@velasquez.net,@and_sonszdavis,False
551,May PLC,fstokes@quinn.biz,@llcbthompson,False
552,Davis-Jimenez,warnerchristopher@shepherd-jackson.org,@plcbelltimothy,False
553,Randall Ltd,jose50@cherry-martinez.com,@groupiguzman,True
554,Walker and Sons,andreawood@calderon.info,@incymorris,False
555,Price-Miller,jason39@potter.com,@plctarroyo,True
556,"Reeves, Bennett and Maynard",peterselizabeth@finley-martinez.org,@llckristen43,False
557,Smith-Marquez,andrew21@wright-alexander.net,@and_sonsadamsjon,False
558,Fisher-Craig,katherinetaylor@hall-weber.net,@ltddoughertycraig,True
559,Delacruz PLC,valenciawilliam@campos.com,@ltdsarahcalderon,True
560,Green and Sons,pooledavid@thomas-bentley.org,@plcjonesrichard,False
561,Phelps Group,angelacochran@summers-brown.com,@groupterrisharp,False
562,"Porter, Williams and Flores",george49@sims.com,@and_sonsthomasbrian,False
563,"Roberts, Perkins and Edwards",kevin17@miller.com,@and_sonssmithjessica,False
564,"Wheeler, Gonzalez and Cobb",andersonjacqueline@andrews-williams.com,@incmichaelmiller,True
565,Wheeler-Bennett,zlee@reese.com,@incdmoore,False
566,Drake and Sons,tina84@boyd.com,@groupkaralam,False
567,"Meza, Hernandez and Berry",hlee@jones-santos.com,@ltddenise65,True
568,Davis-Delgado,williamskristine@terry-barajas.com,@ltdrobertarroyo,True
569,"Sullivan, Moore and Scott",danielle05@campbell.com,@groupcarpenterjames,False
570,"Holt, Wilson and Campbell",shelly06@hamilton.org,@ltdmarielee,False
571,Williams-Wood,qwilliams@reid.com,@incgarciacynthia,False
572,Solis-Hernandez,karinawalter@riley.com,@incdonna18,False
573,"Green, Robinson and Thomas",russell87@cooper.com,@ltdmyersronald,False
574,Jones LLC,nsmith@jackson.com,@plcmichaelwilson,True
575,Price-Edwards,kelli41@mcdonald.biz,@incowenthomas,False
576,"Smith, Young and Green",bcoleman@brown.net,@ltdkwood,True
577,"Scott, Mason and Tran",whitenicole@sanchez-stewart.com,@ltdjoshua93,False
578,Blanchard PLC,kathrynmoreno@morris.biz,@ltdwlucas,False
579,"Patterson, Vaughn and Herrera",karen68@barnes.net,@inctimothy42,True
580,"Stone, Nelson and Hickman",kwalker@becker.net,@groupemason,True
581,Romero and Sons,samuelmorris@olson.com,@groupperezmatthew,True
582,Manning-Yoder,brianpotts@hernandez.com,@and_sonsnataliefox,True
583,Maldonado Ltd,jasonbowman@simpson.org,@inctownsendjulie,False
584,"Goodwin, King and West",katelyn55@acevedo-walker.com,@groupygoodwin,True
585,Garcia-Thomas,johnterry@fuentes.info,@and_sonsmichaelmiller,False
586,"Wiggins, Taylor and Cobb",sclark@allen-hunter.com,@and_sonsjonathantaylor,True
587,Wilson-Barr,cstewart@chavez.com,@and_sonsmichael37,True
588,"Dorsey, Gilmore and West",kiara69@gonzalez-white.info,@grouphmora,False
589,Pearson-Wu,dvelez@forbes.com,@incmartinshirley,True
590,Graham Group,bdaniels@garcia.info,@groupjohnsonmaria,False
591,Higgins-Berry,rrhodes@miller.org,@llcvvelez,True
592,Kirby Group,sophia30@johnson.org,@ltdjosephfranklin,False
593,"Lowe, Hartman and Wilson",barajascrystal@maddox.com,@and_sonsxdavila,True
594,Hill Group,chanbrian@harris-wade.biz,@and_sonsryan84,False
595,"Wilson, Rivera and Logan",mpierce@robinson.com,@incdomingueztyler,False
596,"Reeves, Jones and Hernandez",gcastillo@anderson.com,@incmortonrichard,False
597,Russell-Hernandez,richardsmichael@kidd.net,@and_sonsphillip17,False
598,"Edwards, Rogers and Jones",rosalesolivia@malone-mann.biz,@ltddaniel53,False
599,Harrington Ltd,foxeric@harrell-parker.com,@llcscottbaker,True
600,Meyers Group,sanchezmitchell@leach-evans.com,@inctclark,False
601,"Lopez, Johnson and Ramirez",adriana42@cooper.info,@ltdlogan07,False
602,Williamson-Clark,kathleen45@rogers-scott.com,@and_sonsabigail46,False
603,Gould-Wilson,brent69@woods-castillo.com,@incjennifer38,True
604,"Holmes, Garcia and White",chavezbenjamin@bell.com,@grouphfernandez,True
605,"Vasquez, Munoz and Perry",jacksonsteven@taylor-frazier.com,@plcmichaelmcmillan,False
606,Johnson Ltd,fisheralexander@le.com,@and_sonssusan85,True
607,Rivera Inc,eric52@lowe.com,@plcmgriffith,False
608,Franklin-Burke,mitchelljessica@barnett-thomas.com,@plcjustin95,False
609,Peterson Inc,pturner@hunt.net,@incqrosales,False
610,Hudson and Sons,zacharywilcox@lucas.info,@incykelley,False
611,Clark-Patrick,gail34@torres-boyer.com,@llcanita74,True
612,"Larson, Arnold and Gates",hrivera@stone.info,@incwwilliams,False
613,Burns-Hill,megan28@hendricks.com,@llccgarcia,True
614,Andrews LLC,mmartin@cain.com,@inchuangkari,True
615,"Ware, Proctor and Reed",lschmidt@harrison.info,@ltdwalkerbradley,True
616,Harmon-Haynes,katherinehayden@harmon-chung.com,@llcogeorge,False
617,Dominguez-Newman,kristen19@young.com,@incllambert,False
618,Bullock-Salinas,jasmine99@moore.com,@incramosanthony,False
619,Chandler-Bradford,vherrera@herman.com,@incbarbara05,False
620,Shelton Ltd,dianebaker@floyd-parsons.com,@plchernandezrobert,False
621,"Hess, Carey and Villegas",ogonzales@gross.com,@plcmelanie40,False
622,Mckinney LLC,kevingreen@clark-doyle.com,@llcwilliammahoney,True
623,Wilson Ltd,michellewhitney@stark-garcia.net,@inchamptondean,True
624,"Mclaughlin, Johnson and Orr",vjones@morrison-delgado.net,@ltderika24,True
625,"Hernandez, Scott and Cross",ufoley@carson-patterson.com,@plcmichelle65,False
626,"Cervantes, Rodriguez and Smith",christina02@phillips.org,@grouptommy89,True
627,Morales-Dean,timothykelly@lee.com,@and_sonsjeremyferguson,False
628,Alvarez Ltd,dakota06@short.net,@ltdjason17,False
629,Simon-Bell,cooperbrittney@thompson.com,@plcteresacarlson,False
630,Ellis Group,thomasemily@green.biz,@groupkimberlysanders,True
631,Parrish LLC,hernandezandrea@jackson.org,@ltdlindseyseth,True
632,"Anderson, Watkins and Deleon",melissathompson@robertson.com,@groupitorres,True
633,"Daugherty, Frye and Johnson",hhenry@underwood.info,@incjonturner,False
634,"Jones, Moran and Stevenson",yvonne01@reynolds.com,@ltdelliottcrystal,False
635,Rodriguez Inc,aanthony@pierce.biz,@llcumiller,False
636,Davila-Gibson,rickywaters@burns.com,@incbaldwinchristine,False
637,Anderson Group,keith00@parks-schroeder.com,@groupmatthewrodriguez,False
638,"Nelson, Harvey and Green",stephen71@bender.com,@plcjthompson,False
639,Lee LLC,matthew67@torres.com,@incdmurillo,True
640,Dalton-Spencer,sbrown@watts.biz,@ltdrhubbard,False
641,Nelson and Sons,susan99@adams.com,@plcmpena,False
642,Faulkner Ltd,kimthomas@camacho-sharp.com,@and_sonschristianwinters,False
643,"Johnson, Vargas and Smith",whitneyhailey@peters.com,@ltdoramos,False
644,Ortega Group,jessica69@moore-richards.org,@and_sonsmichaelreed,False
645,Foster-Sweeney,mooreheidi@roberts.com,@plckphillips,True
646,Atkinson Group,karlastanley@abbott.com,@llcrebekahtorres,False
647,Cobb Group,andrewshaw@simpson.biz,@incamandamontgomery,False
648,Wise PLC,christopherpatterson@cummings.com,@and_sonsdyoung,False
649,"Jordan, Smith and Mitchell",franklopez@welch.com,@ltdgarzatroy,True
650,"Bell, Martinez and Wolf",anthonyrhodes@conway.com,@incvflores,True
651,Harris-Morris,harmonalicia@goodman.info,@inccreid,False
652,"Hull, Brown and Hogan",qbrown@garcia-foster.com,@ltddanieljohn,True
653,"Moran, Coleman and Miller",mark38@scott.com,@plcllewis,True
654,Osborne Group,kellismith@johnson.com,@llcsmithtyler,True
655,Austin-Mendoza,lozanojacqueline@pena.com,@llclynn04,False
656,Pearson LLC,lisa45@morales-snyder.com,@groupgmiller,True
657,Carlson and Sons,masontanya@yang.com,@llcspencersmith,False
658,Jefferson Ltd,patricia40@hartman-harper.com,@inckimberly23,True
659,Meyer-Weber,rothjulie@parks.com,@llcthompsonjackie,False
660,"Fox, Vasquez and Morris",hollandcharles@wilson.info,@llcmelanie50,False
661,Freeman LLC,parkerandrea@johnson.biz,@incleahwalsh,True
662,"Martin, Lewis and Burton",lori55@henderson.com,@ltdwilliamsricardo,False
663,Thomas LLC,daystephanie@young.com,@groupdiana62,False
664,"Bryant, Richardson and Harris",njones@smith.info,@groupycallahan,True
665,Schaefer and Sons,jorgejones@powell.com,@llcobarr,True
666,"Watkins, Murray and Griffin",echapman@cameron-smith.com,@llcallen41,False
667,Lewis PLC,whitney04@merritt.com,@and_sonsjoshua31,True
668,"Cunningham, Davis and Shelton",cheryl56@berry.net,@plcqgraham,True
669,"Smith, Proctor and Graham",nshepherd@clayton-caldwell.com,@incanthonyhamilton,True
670,"Gould, Dougherty and Schmidt",rita43@jones.com,@llcjodi22,True
671,James-Bradley,autumn26@mcconnell-spencer.com,@ltdbarbertyrone,False
672,Russell PLC,rileydeborah@novak.com,@llcbgoodwin,False
673,"Baxter, Nelson and Jones",briangardner@campbell-oliver.com,@llcjonathan57,False
674,Neal-Wallace,pdavis@barr.net,@groupmaryzimmerman,True
675,Perez LLC,zhoffman@craig-warner.com,@incvswanson,True
676,Parrish LLC,shannon11@weber.info,@groupmichelle81,False
677,"Clark, Perez and Williams",carpenterapril@sharp.info,@plckimberlynichols,True
678,Hull-Lopez,veronicawest@nelson-hawkins.com,@llcramirezanthony,True
679,King Ltd,corey92@bennett.biz,@llcqhernandez,True
680,"Morgan, Banks and Benson",moorejessica@briggs.biz,@grouphumphreydebra,False
681,Jones Group,ramirezlaura@cordova-wilson.org,@plcryandiaz,True
682,Mason LLC,strongdalton@chavez-torres.com,@llcdgonzalez,True
683,Carroll-Silva,michael41@owens.net,@plcjenniferrowland,True
684,Sullivan LLC,ortegacarrie@romero.com,@ltdemily84,True
685,"Wright, Moran and Walton",saraholiver@murphy.com,@groupsusanlewis,False
686,"Smith, Pena and Heath",whitekari@raymond-thomas.com,@groupkaren24,False
687,Perez Inc,austin75@lewis.biz,@ltdrmartinez,True
688,"Wheeler, Castro and Wilson",bishopjohn@jordan.net,@plcwsullivan,True
689,"Munoz, Sanchez and Lee",phunt@pena.com,@ltdpetersenjessica,True
690,Stewart and Sons,aramsey@may-hutchinson.com,@ltddebrasnyder,True
691,Walton PLC,jeffery55@jones.org,@and_sonsfordjavier,True
692,"Gutierrez, Perez and Charles",nreed@johnson-garcia.net,@llchenryrogers,False
693,Howard PLC,patriciamartinez@hopkins-griffith.com,@ltdxblack,True
694,Mills-Ibarra,catherinesharp@herring-ferguson.com,@llcangelaperry,True
695,"Waller, Lee and Brown",danielwilliams@lawrence-brown.com,@plcbeardtyler,False
696,Dudley-Aguirre,joycejulie@clark.biz,@incymcpherson,True
697,Sanders-Irwin,gilbert70@arroyo.com,@llcjared40,False
698,"Robinson, Patel and Smith",hodgesclaudia@camacho.com,@groupaudreyhoward,False
699,Brewer-Cooper,cunninghammary@sanchez.net,@incbrianbeck,False
700,Garrison Group,noblejulie@castro-crawford.com,@groupdaniel04,True
701,Aguilar Ltd,rodriguezanthony@burgess.com,@llcjenniferbrooks,False
702,Guerra Inc,donna05@smith-parks.com,@and_sonsbolson,True
703,"Garcia, Smith and Walton",sabrinaramsey@blanchard-mccoy.net,@ltdfbowen,False
704,Krause-Dominguez,cabrerapaula@taylor-medina.com,@incharrisdonald,False
705,Olsen LLC,fharper@parker.com,@plcvhardy,True
706,Hicks-Johnson,caseytaylor@martin-brewer.com,@and_sonsnbush,False
707,Owens Group,wgarcia@warren-gonzalez.com,@ltdqsimon,False
708,"Hayes, Johnson and Moore",stevenperez@taylor.com,@inctuckerbryan,False
709,"Butler, Allen and Moore",eatonkristina@madden.com,@and_sonszjohnston,True
710,Johnson and Sons,hunter55@whitaker.com,@plcjason35,False
711,"Martinez, Burgess and Estrada",michele78@gilmore-benton.com,@groupdkeith,True
712,Collins-Williams,sshort@decker.com,@groupsrojas,True
713,Ortega-Miller,whitemaria@terry.com,@plcbushdiane,False
714,Smith LLC,uwilson@harris.com,@plcbrianna80,False
715,"Crawford, Hanson and Hardin",mcclainjacob@reed-hale.com,@plczlopez,True
716,"Olson, Hudson and Hendricks",paul17@davis.com,@plcxgreen,True
717,Leon Ltd,cohenchristian@ramirez.com,@and_sonsdaylauren,False
718,Rogers-Ryan,rodriguezdavid@willis-benson.com,@llcolivia05,True
719,Golden-Dudley,william41@richardson.net,@incdanielsjeremy,True
720,"Daniel, Robinson and Bowman",sdrake@daniels.org,@inctracilopez,True
721,Morrison-Hartman,stevenspencer@drake.com,@incewilliams,True
722,Hansen and Sons,ysmith@obrien.biz,@ltdevansrachael,False
723,"Stevenson, Steele and Anthony",natalie83@black-richards.com,@groupmcopeland,False
724,Lindsey LLC,mariosmith@benson.biz,@plcleejohn,False
725,Miller Inc,lisaalvarado@ferguson-johnson.com,@ltdpvance,True
726,"Butler, Forbes and Stevens",jennifer05@richardson.org,@plckvaldez,True
727,"Mcbride, Walker and Carrillo",curtissoto@jones.com,@llctonyamcguire,False
728,Ward-Thompson,lauraramirez@harrison.net,@plcbenjaminmoore,False
729,Delacruz PLC,dknight@jones.com,@and_sonscameron70,False
730,Jones-Powell,vscott@banks-wheeler.net,@inccthompson,False
731,"Alvarado, Duarte and Scott",kim36@franklin.info,@llcgarciablake,False
732,"Harris, Malone and Shaw",braymary@mclean-ellis.org,@and_sonslarsenshannon,True
733,Miller and Sons,jonesjames@young-brooks.com,@and_sonssmiddleton,True
734,"Miller, Williams and Chapman",tiffany56@keller.net,@llcsavannah92,False
735,Thomas LLC,steven90@foster.org,@ltdjonesstacy,True
736,"Flynn, Robinson and Chapman",brewerkelsey@walker-kerr.org,@llcmichelleyang,False
737,Evans-Smith,dstephenson@rosales-kaiser.org,@groupanita47,False
738,Espinoza-Scott,hlutz@kennedy.com,@ltdbutlerryan,True
739,"Choi, Terrell and Lawrence",fitzgeraldduane@dorsey-compton.com,@groupantonio33,False
740,Miller PLC,shawn21@rodgers.net,@llctdougherty,False
741,Wall Inc,rhudson@stout.info,@groupukennedy,True
742,Vincent Group,fitzgeraldbradley@avery-clarke.com,@llcjohnramirez,False
743,"Day, Black and Barnes",farmerkevin@porter-bowen.com,@groupnnorris,False
744,Scott and Sons,sabrina65@pope.com,@llckristinajohnson,True
745,"White, Duran and Gutierrez",ilawson@mitchell.com,@ltdromansherry,True
746,Jackson Group,mannjulie@garza.org,@llccourtney68,True
747,"Johnson, Obrien and Aguilar",jonanthony@gallagher.net,@incpinedasean,False
748,Lam-Romero,brianmarshall@ryan.info,@llcnnewton,False
749,"Hernandez, Rasmussen and Zimmerman",gclark@ramirez.com,@plcsdoyle,True
750,"Ballard, Roberts and Wilson",deborahhardy@goodman-bryan.biz,@and_sonsosborntyler,False
751,Marsh and Sons,petermiller@atkins-gonzalez.com,@groupchristianmiller,True
752,Contreras-Johnston,andrelopez@mendez.net,@llccassandra53,True
753,Terrell PLC,juan99@bartlett.com,@plcvferguson,False
754,Brown Ltd,cooperscott@king.net,@incariasmargaret,True
755,Johnson-Montgomery,lindashaw@gibson.com,@incdarrenjames,False
756,Escobar-Baker,leejacob@washington.com,@and_sonsgthompson,False
757,Shaffer and Sons,amorris@moreno-sanchez.com,@incannecarter,True
758,Wallace-Clark,troy05@blair.biz,@incdavid83,False
759,Campbell-Chapman,slewis@jones-ramirez.com,@and_sonsbrandyguzman,True
760,"Arias, Harrison and Brown",uespinoza@gilbert.com,@inckleinrichard,False
761,Kelly and Sons,aaron27@lewis-weber.com,@and_sonsjacqueline62,False
762,Wilkins-Rasmussen,johnsonsarah@fischer.com,@plcdanielsmith,False
763,Gilbert Group,saraparker@davis.com,@ltdleonard00,False
764,Townsend-White,michael48@wheeler-nelson.com,@groupedwardhartman,False
765,Fritz and Sons,simsrachel@brown.com,@groupbrian18,True
766,Martinez-Bell,alanburns@smith-powell.com,@llcjeffery08,True
767,"Hampton, Spencer and Torres",parrishdaniel@smith.com,@and_sonsrpage,True
768,"Daniels, Schmidt and Maxwell",rebecca67@edwards.com,@incscottjohn,False
769,"Mcdonald, Patrick and Simmons",nicolecalhoun@burton-allen.biz,@ltdwhitneymelissa,True
770,"Williams, Anderson and Sharp",amanda54@garcia.com,@plcaaron31,False
771,"Ali, Clark and Floyd",alexanderbanks@robinson.com,@groupcbenson,True
772,"Fox, White and Nielsen",andrew50@riley.com,@ltdpearsonalan,False
773,Smith-Taylor,catherine85@lee.com,@groupmurphymichael,False
774,Lee LLC,pamela95@gordon.com,@incjeffrey36,True
775,Joyce Inc,princeanna@smith.com,@plcgoldenashley,False
776,"Marshall, Miller and Lopez",rgomez@case-lowery.com,@plcalucas,True
777,"Patton, Tran and Golden",xpierce@carpenter-johnson.info,@llcapril25,True
778,"Jones, Young and Brooks",teresareyes@jones.biz,@groupjennifersmith,False
779,Lewis-Cook,lisa83@king-little.com,@groupjoseph14,True
780,Bauer-Martinez,joe45@russell-wilkins.info,@incthomaswallace,False
781,Moss-Barnes,barnesamanda@garrison.com,@ltdeschwartz,False
782,Rodriguez Inc,deanna76@foster.com,@llcgeorgecandace,True
783,Rogers-Orr,matthewgraham@juarez.net,@llckellyfreeman,False
784,Robinson-Ellis,solsen@walker.biz,@ltdlindsey12,True
785,Collier-Shepherd,rachael25@wilson.com,@ltdstephanie26,False
786,"Melton, Barnett and Mills",brittany24@reyes.com,@groupjennifergarcia,False
787,Simon-Morris,rbennett@johnson.com,@and_sonsnguyenpamela,True
788,Green-Prince,rsimpson@carson.net,@plcsilvajennifer,True
789,"Watson, Henderson and Williams",watsonnicholas@jones.net,@groupuhampton,False
790,Clark Ltd,justin97@lewis.org,@ltdmartinjohn,True
791,Gonzales and Sons,msmith@chavez.com,@llcmichellegonzalez,False
792,Stone Inc,reginaldsimmons@rivers-sullivan.com,@plcobarrera,True
793,Lee Inc,vanessa58@mitchell.com,@ltdjonathan55,False
794,"Kelly, Jones and Hale",lisa60@robinson-williams.org,@groupzwilliams,True
795,King-Morris,calexander@avila-lara.net,@inczcole,True
796,Rowe Inc,mariatrevino@rowland.com,@ltdhudsonbrandon,True
797,Howard PLC,michael38@pham-avery.net,@llcrachelwright,False
798,Lowe LLC,mjones@fleming-nelson.com,@llclynchheather,False
799,Sosa and Sons,karen92@mcintyre.org,@incsbell,True
800,"Hubbard, Hudson and Williams",jenniferrivera@nixon-delacruz.net,@groupmcclaincindy,False
801,"Kelly, Wilson and Russell",cpowell@jordan.biz,@plcramirezariana,False
802,"Stephens, Jennings and Moore",wallergary@smith-hernandez.com,@plcdclark,True
803,Mcbride LLC,swalker@rios.com,@groupwellis,True
804,Santana-Hays,freemanashley@shaffer-hernandez.com,@and_sonsmaryglenn,False
805,"Newman, Banks and Barker",destinywilson@lucas.com,@and_sonsmasoncourtney,False
806,Mckinney Group,robertadunn@ramirez-ramos.com,@incjoshua00,True
807,"Green, Benson and Cantu",lance13@carson-morgan.org,@ltdrobynrichard,True
808,West Group,freemancourtney@peters.org,@plctfisher,True
809,"Aguilar, Huynh and Zamora",racheljordan@goodwin-cervantes.com,@and_sonshugheskevin,False
810,Roberson-Scott,millsdonna@gonzalez.com,@incybuchanan,False
811,"Taylor, Sherman and Smith",james92@moss.biz,@inconorris,False
812,"Thompson, Gallagher and King",inguyen@martinez.com,@and_sonssextoncarol,True
813,Williams-Williams,marshallgloria@wright.com,@llcramirezanthony,False
814,Cooper-Harris,bankscarolyn@reeves.com,@groupjonathanmason,True
815,"Goodman, Brown and Fuller",jamesray@castillo.net,@ltdvalerie75,False
816,"Alvarez, Adams and Smith",ohunt@bryant-ryan.org,@groupvknight,False
817,Perez PLC,jonathan27@peters.com,@plcatkinsonkelly,False
818,Glenn Ltd,christophergilmore@escobar.com,@plcmichaelburke,False
819,Martin-Lopez,pearsonrebecca@warren-hinton.com,@plcwarrencarrie,True
820,Mcpherson Group,brianwarren@schmidt.com,@groupharrissusan,False
821,Dougherty and Sons,christinashort@brown-dixon.net,@llcmillercrystal,True
822,"Barnes, Hess and Hall",ypearson@davidson-daniels.info,@and_sonsruizkyle,True
823,"Robinson, Fisher and Shaffer",ashleyknapp@hill.info,@groupjeffreybentley,True
824,"Castaneda, Higgins and Noble",sara25@anderson-thompson.com,@groupawalls,True
825,"Young, Faulkner and Dougherty",maria23@rivera-castillo.com,@incbrewerlisa,True
826,Burgess LLC,anna27@sosa.com,@llcparkspeter,False
827,Woods-Roberts,hailey30@adams-norris.org,@inclarryrodriguez,True
828,Graham-Frazier,edgarmorrison@contreras.biz,@llctperry,True
829,"Blair, Mason and Trevino",leeapril@solis-collier.com,@ltdfarmeramanda,True
830,Lopez Group,mccarthypatricia@saunders.biz,@ltdcsmith,True
831,"Lawrence, Frederick and Pope",andersontyler@chen-hicks.biz,@groupkellymolina,False
832,Myers Inc,carla77@cline-baxter.com,@and_sonswesleyfoster,False
833,"Peck, Coleman and Wallace",ylee@pineda.info,@incemilyrusso,True
834,Crawford Inc,nwashington@phillips.com,@and_sonscastanedajoseph,True
835,Buchanan Ltd,adkinskristen@stevenson-wagner.net,@ltdrichardhammond,False
836,Gibson Inc,nmyers@leon-kirk.com,@llcwhitakervictoria,False
837,Brown Inc,zjones@nunez-baker.info,@llcdestinyedwards,True
838,"Stone, Holmes and Torres",dford@stevenson-vance.com,@ltdcoffeyralph,True
839,Petersen LLC,scoleman@barrett-park.info,@ltdandreahoward,True
840,"Hayes, Collins and Clark",andersonryan@cunningham.info,@plcrossstephanie,True
841,Dominguez-Reid,jacob98@meyer.com,@and_sonscguerrero,False
842,Silva-Thompson,spencermatthew@merritt.biz,@plckristinaperkins,False
843,Ferguson-Newman,feliciacarter@king.com,@llcparkerjerry,True
844,Wilkins-Jones,michaelsmith@pacheco.info,@inckimberly46,False
845,Campbell-Perry,amandalee@jefferson.biz,@groupjjones,False
846,Villa-Griffin,doris36@greer.biz,@groupbfoster,False
847,Mcdonald-Williamson,ukidd@henry-davis.org,@groupbrian56,False
848,"Jacobson, Martinez and Douglas",nrussell@mccann-mays.com,@and_sonsjoybriggs,True
849,Wright Group,kmatthews@collins.net,@and_sonschristopherroberts,False
850,Hansen Ltd,bfisher@cook.net,@plcfranciscoperry,True
851,Diaz-Oliver,mary72@marks.com,@incfloreschristian,True
852,Martin Inc,kparks@briggs.com,@plcjoymitchell,False
853,"Gonzalez, Williams and Mora",mariapatterson@farmer-huber.com,@plcstevenadams,False
854,Knight-Rubio,vclay@walker.com,@groupohubbard,True
855,Lee-Brown,jhamilton@smith.net,@and_sonsjosebrown,True
856,Campbell-Shaw,stephanie81@garcia.net,@incmcleanyesenia,True
857,"Murphy, Richardson and Anderson",whenson@walker-gates.net,@incjenniferrodriguez,True
858,Parker-Middleton,briannamorton@jones.info,@ltdubender,False
859,Hernandez and Sons,coopervincent@lambert-gill.com,@ltddonnawilkerson,True
860,Atkinson-Olsen,tashaphillips@burton.com,@groupasullivan,True
861,Myers Group,zvelasquez@shaw.net,@plcmillerchristopher,False
862,"Frye, Washington and Smith",tmontgomery@alexander.com,@groupvboone,False
863,"Thompson, Greene and Smith",savannahwalker@carpenter-ramos.biz,@incrichard25,True
864,Roberts Ltd,lewisamanda@wong-lee.com,@groupstewartchristopher,True
865,Hansen-Ward,webbjeremiah@benson-hall.org,@and_sonstinamerritt,True
866,"Richardson, Rivera and Owens",robertlamb@smith.biz,@plczstevens,True
867,Romero-May,jacobporter@hawkins.com,@and_sonshherman,True
868,"Kelly, Evans and Williams",benjamin04@vang.com,@plcharold00,True
869,"Boyd, Sims and Henson",nicholassmith@gonzalez-kim.com,@and_sonsbruce72,True
870,Perry PLC,allisonamanda@greene.com,@incihill,False
871,Harding Ltd,kim95@humphrey.biz,@llcjeremymason,False
872,"Meyer, Baker and Williamson",cameron75@rangel.biz,@and_sonsphouse,True
873,Shepherd-Welch,tamaraglass@gomez.info,@and_sonslauren94,False
874,"Watts, Friedman and Ramos",rebekahweeks@brown.com,@incujackson,False
875,"Weiss, Smith and Rogers",kurtshaffer@mcdonald.biz,@grouplisaedwards,True
876,Burke Group,newtonrachel@pierce.com,@groupandrew45,False
877,"Patrick, Mendoza and Frye",elaineoliver@lopez.net,@ltdbenjamin87,True
878,"Shaffer, Wright and Hogan",kevin08@salas.com,@groupstacie80,True
879,Price and Sons,natashapena@allen.biz,@and_sonshallnoah,True
880,"Vasquez, Cobb and Martin",lopezdiane@skinner.info,@llcnyoung,True
881,Stephens and Sons,teresa82@fernandez-shepherd.com,@and_sonsutaylor,True
882,"Kirk, Blankenship and Murphy",jeffwallace@lester-lawson.com,@and_sonsandrew88,True
883,Nolan-Watts,uholt@davis.biz,@groupheatherconley,False
884,"Koch, Brown and Turner",antoniostephens@cooper-young.com,@and_sonsharristimothy,False
885,"Gutierrez, Wise and Perkins",eflores@aguilar-parker.biz,@ltdrjones,True
886,Villegas Group,jamesenglish@hoffman.com,@plctmurphy,True
887,"Burton, Manning and Martin",mooreannette@salazar.com,@llcgbruce,True
888,Phelps-Griffin,hschultz@brown.com,@incjennifer30,False
889,Williams PLC,englishashley@stuart.biz,@plcelizabeth07,True
890,Cline-Parsons,nicoleday@baker.com,@groupdelgadodaniel,False
891,Boyd-Hernandez,mherring@hayes-smith.info,@llcdorisanthony,False
892,Smith PLC,plawrence@pitts.org,@groupbpace,True
893,Wagner-Luna,alexmunoz@kennedy.com,@and_sonsleerussell,False
894,Gibson PLC,jdixon@jenkins.info,@groupjennifercox,True
895,Miranda-Johnston,jeffreygutierrez@becker-lee.com,@and_sonswagnerkelsey,False
896,Herrera-Klein,xlucas@willis.com,@plcdanielroberts,False
897,Farley Ltd,robersonanthony@pierce.com,@ltdbmoss,True
898,Allen-Moore,devinbond@price.com,@groupkevinwright,True
899,"Duran, Kennedy and Fox",johnsonalex@shaw.info,@llcngomez,False
900,Vaughan-Watson,yatescrystal@reed-ramirez.com,@llcsmithmary,False
901,Schmidt-Taylor,montoyajessica@graves-stevens.com,@plchowarddiane,False
902,Rogers-Flores,wrightjames@hanson.com,@groupbrittany26,True
903,Huerta Inc,allison59@bennett-mercado.com,@ltdandreagriffin,True
904,Gallagher-Castro,uramos@bryant.com,@ltdgeorgelewis,True
905,White-Stone,pmelton@york.org,@llcdebraowens,True
906,Thomas-Mason,awilliams@anderson-allen.com,@groupfischerdorothy,False
907,Michael-Miller,preed@foster.info,@plcprestonbradley,False
908,"Ward, Allen and Bowers",aaron84@haley.org,@groupdeborah62,True
909,Garrett Ltd,nshaffer@wilson-turner.com,@incsara23,True
910,Thompson-Fletcher,xskinner@rivera.com,@incdustinramirez,False
911,"Campbell, Dorsey and Hampton",mbrewer@bradley.org,@ltdssmith,False
912,"Barber, Allen and Douglas",owells@jordan.com,@incypeters,True
913,Ortega-Bradford,howardveronica@bernard.org,@ltdjillking,True
914,Cantrell-Haley,mjordan@irwin.com,@llcwkennedy,False
915,Lee Group,cryan@grant.info,@plcahowell,False
916,Downs PLC,herringandrea@fisher.net,@incmichael62,True
917,Stone-Davis,anthony49@miles.com,@ltdfoxmichael,True
918,Young Inc,pjohnson@fisher.com,@ltddgrant,True
919,Wall PLC,maria90@rose.com,@groupepatton,False
920,Duncan LLC,danielhubbard@martin-holt.com,@incjamesjordan,False
921,Young Inc,deanna85@schmidt.com,@plcmichael48,False
922,"Johnson, Gomez and Mills",brenda57@moore.info,@grouprreyes,True
923,Hunter-Bradley,petermeadows@perkins-moran.com,@ltddstevens,True
924,Turner-Dickerson,zachary00@dougherty-diaz.com,@and_sonscgibson,False
925,"Blake, Jones and Long",william39@taylor.com,@plckarenpatel,False
926,Wilkinson Group,elizabeth65@peterson.com,@inczhorton,True
927,Madden-Bishop,wthomas@cruz.com,@and_sonsvalenciadenise,False
928,"Ortiz, Jones and Sullivan",frederickorr@moore-pope.net,@groupsarah11,True
929,"White, May and Byrd",rford@gonzales-davis.com,@ltddavid94,True
930,Carter-Keller,victor91@brennan.com,@incclarkjessica,True
931,Willis-Lambert,qthomas@wright.com,@ltdepalmer,False
932,"Carter, Dawson and Rodriguez",philip54@holmes-gentry.net,@plcjohnstonbrittany,True
933,Pennington-Mills,mcdonaldsusan@cooke.net,@and_sonsphillip31,True
934,David-Johnson,kwood@richardson-thompson.biz,@ltdnathan14,True
935,Anderson-Cox,nguyenjason@mora-small.com,@and_sonseflores,True
936,Clark and Sons,caldwelljacob@jones.biz,@groupyoungmelissa,True
937,Moon Inc,bbaker@gonzalez-stevens.com,@groupbakerbrian,False
938,Brown LLC,brittanyfreeman@duarte.org,@groupbrendahoward,True
939,Bradley-Green,richardryan@lopez.com,@groupdebragreer,False
940,"Manning, Zimmerman and Mclaughlin",kellydavid@gordon.com,@plcchristina91,False
941,"Smith, Beard and Gonzalez",anthony91@jenkins-mcclain.com,@ltdgonzalezmegan,False
942,"Lee, Miller and Woods",brownmichael@king.com,@plcrogerallen,True
943,Bailey-Brown,amanda34@grant.biz,@plcporterdaniel,True
944,Rosales-Pierce,robyn51@garcia.com,@groupcassandralane,True
945,Anderson-Rasmussen,ljacobs@ward-adams.com,@and_sonsbennettmelanie,False
946,Benjamin-Martin,stoutjessica@wang-schmidt.com,@plcproberts,False
947,"Dudley, Cole and Miller",wintersmichael@estrada.com,@incanthonycooper,True
948,Shepard-Gordon,gdougherty@dean.com,@and_sonsnguyenkeith,True
949,Smith-Weaver,jeremy32@clark.com,@ltddarius93,True
950,Smith-Dennis,garciadaniel@hogan-smith.net,@incbthomas,False
951,Walter LLC,johnmartinez@ortiz.com,@and_sonssmithjennifer,True
952,"Parker, Monroe and Mcgee",james21@hood.com,@llcjulianjohnson,True
953,Williams PLC,mpowell@mccall.com,@llccwagner,False
954,Everett Inc,tracywest@caldwell-leonard.com,@ltdalopez,True
955,"Johnson, Steele and Baker",pphillips@kane-johnson.org,@and_sonsjeffrey63,True
956,Mclaughlin Group,danielforbes@wade-bradshaw.com,@ltdsherryparker,True
957,Sanchez-Lopez,albert80@evans.net,@groupkimberly10,True
958,Jones-Oconnor,valerie70@whitney.info,@and_sonsbryan17,True
959,"York, Edwards and Ramos",wyattcarly@gonzalez.info,@grouplauren79,True
960,Gill Inc,nicoleturner@richard-walker.com,@incdanielmurphy,False
961,"Hansen, Garcia and Parker",francis37@johnson.biz,@incandre61,False
962,Ford-Baker,moranemily@knapp.com,@plcdanny41,True
963,"Mccarthy, Shaw and Owens",fwhite@chen.net,@incmarywood,False
964,Vance and Sons,jody82@poole.com,@inckkemp,True
965,"Taylor, Castro and Turner",william64@mcdowell.com,@incdavid10,True
966,Huerta-Sandoval,davisstephanie@frazier-thomas.com,@and_sonscheryl78,True
967,Simpson Inc,alvarezkelsey@davis-bolton.com,@and_sonsmichellegarza,False
968,"Zuniga, Dawson and Brown",gabriellestanton@smith.com,@grouptaramendoza,False
969,"Sloan, Jenkins and Mclaughlin",joshuahenry@powell.com,@groupyangvanessa,False
970,Lewis-Taylor,xramirez@cohen-singh.com,@grouppalmermegan,False
971,"Gonzalez, Johnson and Cole",walkerdorothy@chavez-baxter.com,@ltdbrandonwilson,False
972,"Neal, Boyd and Allen",vrichards@walton.com,@and_sonsraymondbruce,False
973,"Underwood, Bush and Ellis",ewatson@payne-johnson.com,@plcemmathompson,False
974,Williams and Sons,tvalencia@rice.com,@groupgatesbarbara,True
975,"Smith, Baker and Gordon",john44@sanders-nash.com,@inctyler64,True
976,"Johnson, Pena and Hurley",janderson@winters-ali.org,@and_sonsrichmondheidi,True
977,Rios PLC,ckrueger@foster.com,@ltdsarah02,True
978,Young LLC,qgomez@flores.org,@plcbriangolden,True
979,Harrison and Sons,eknight@harris.com,@incgwilliamson,False
980,Barrera Inc,regina53@deleon.com,@and_sonsjohnsondeborah,True
981,"Palmer, Bailey and Patterson",jjohnson@jones.com,@and_sonskarenhudson,False
982,Scott-Garcia,bakershawn@stephens-swanson.com,@plcpholmes,True
983,Macdonald PLC,icarlson@mason.com,@llcrrogers,True
984,Warren and Sons,anthonyrivera@smith.com,@plcanthony80,False
985,Cook-Lowe,ramirezkatherine@morales.com,@incxstone,False
986,Martinez-Olson,brittanydaniel@hardy-montgomery.com,@llckellychristopher,True
987,Davis Inc,sbartlett@smith.com,@ltdwilliamserica,False
988,Patton-Ball,bbrewer@hendrix.net,@ltdtaylorchristina,True
989,"King, Barker and Vasquez",riverastephen@stanton.info,@plcjennifer71,False
990,Branch Group,pamela68@rivera-petersen.com,@plcwilliamsangel,False
991,Myers-Griffith,brandon07@yoder-lee.com,@groupjporter,True
992,Galloway-Atkinson,walshjack@jensen-reese.com,@plcukennedy,True
993,Scott LLC,michaelbarnes@baxter.com,@and_sonsghorton,False
994,Church PLC,tbaker@mcdaniel.com,@groupjanet20,False
995,"Carr, Tyler and Cruz",zmiddleton@porter.com,@and_sonstracy65,True
996,Davis-Lewis,turnerthomas@navarro-shaw.net,@llcprincejoyce,True
997,Rivera-Wong,daisyrichardson@bond.com,@llcmoorenoah,False
998,"Richardson, Burke and Wilson",lfields@turner.net,@ltdeluna,True
999,Joyce Group,abrown@miller.org,@incandrew47,True
1000,Barber LLC,preynolds@mcdonald.net,@plcbrittanymorgan,True
